Codi,UTM_X,UTM_Y,Cota,Valor,Clase
B5-30,428450.0,4577240.0,-71,1.15,arenas
B5-30,428450.0,4577240.0,-70,1.15,arenas
B5-30,428450.0,4577240.0,-69,1.15,arenas
B5-30,428450.0,4577240.0,-68,1.15,arenas
B5-30,428450.0,4577240.0,-67,1.15,arenas
B5-30,428450.0,4577240.0,-66,1.15,arenas
B5-30,428450.0,4577240.0,-65,1.15,arenas
B5-30,428450.0,4577240.0,-64,1.15,arenas
B5-30,428450.0,4577240.0,-63,1.15,arenas
B5-30,428450.0,4577240.0,-62,1.15,arenas
B5-30,428450.0,4577240.0,-61,1.15,arenas
B5-30,428450.0,4577240.0,-60,1.15,arenas
B5-30,428450.0,4577240.0,-59,1.15,arenas
B5-30,428450.0,4577240.0,-58,1.15,arenas
B5-30,428450.0,4577240.0,-57,1.15,arenas
B5-32,427050.0,4576750.0,-63,1.15,arenas
B5-32,427050.0,4576750.0,-62,1.15,arenas
B5-32,427050.0,4576750.0,-61,1.15,arenas
B5-32,427050.0,4576750.0,-60,1.15,arenas
B5-51,427295.0,4576555.0,-83,1.15,arenas
B5-51,427295.0,4576555.0,-82,1.15,arenas
B5-51,427295.0,4576555.0,-81,1.15,arenas
B5-51,427295.0,4576555.0,-80,1.15,arenas
B5-51,427295.0,4576555.0,-79,1.15,arenas
B5-51,427295.0,4576555.0,-78,1.15,arenas
B5-51,427295.0,4576555.0,-77,1.15,arenas
B5-51,427295.0,4576555.0,-76,1.15,arenas
B5-51,427295.0,4576555.0,-75,1.15,arenas
B5-51,427295.0,4576555.0,-74,1.15,arenas
B5-51,427295.0,4576555.0,-73,1.15,arenas
B5-51,427295.0,4576555.0,-72,1.15,arenas
B5-51,427295.0,4576555.0,-71,1.15,arenas
B5-51,427295.0,4576555.0,-70,1.15,arenas
B5-51,427295.0,4576555.0,-69,1.15,arenas
B5-51,427295.0,4576555.0,-68,1.15,arenas
B5-51,427295.0,4576555.0,-67,1.15,arenas
B5-51,427295.0,4576555.0,-66,1.15,arenas
B5-51,427295.0,4576555.0,-65,1.15,arenas
B5-51,427295.0,4576555.0,-64,1.15,arenas
C4-38,424095.0,4576305.0,-59,1.15,arenas
C4-38,424095.0,4576305.0,-58,1.15,arenas
C4-72,423180.0,4576020.0,-53,1.15,arenas
C4-72,423180.0,4576020.0,-52,1.15,arenas
C4-72,423180.0,4576020.0,-51,1.15,arenas
C4-73,424030.0,4575980.0,-62,1.15,arenas
C4-73,424030.0,4575980.0,-61,1.15,arenas
C4-73,424030.0,4575980.0,-60,1.15,arenas
C4-73,424030.0,4575980.0,-59,1.15,arenas
C4-73,424030.0,4575980.0,-58,1.15,arenas
C4-73,424030.0,4575980.0,-57,1.15,arenas
C4-73,424030.0,4575980.0,-56,1.15,arenas
C4-73,424030.0,4575980.0,-55,1.15,arenas
C4-73,424030.0,4575980.0,-54,1.15,arenas
C4-73,424030.0,4575980.0,-53,1.15,arenas
C4-73,424030.0,4575980.0,-52,1.15,arenas
C4-73,424030.0,4575980.0,-51,1.15,arenas
C5-09,428261.0,4574247.0,-61,1.15,arenas
C5-09,428261.0,4574247.0,-60,1.15,arenas
C5-12,427210.0,4574344.0,-56,1.15,arenas
C5-17,427800.0,4574950.0,-57,1.15,arenas
C5-17,427800.0,4574950.0,-56,1.15,arenas
C5-17,427800.0,4574950.0,-55,1.15,arenas
C5-32,428454.0,4574508.0,-58,1.15,arenas
C5-32,428454.0,4574508.0,-57,1.15,arenas
C5-32,428454.0,4574508.0,-56,1.15,arenas
C5-32,428454.0,4574508.0,-55,1.15,arenas
C5-32,428454.0,4574508.0,-54,1.15,arenas
C5-32,428454.0,4574508.0,-53,1.15,arenas
C5-32,428454.0,4574508.0,-52,1.15,arenas
C5-32,428454.0,4574508.0,-51,1.15,arenas
C6-04,431024.0,4574996.0,-105,3.5,arenas
C6-04,431024.0,4574996.0,-104,3.5,arenas
C6-04,431024.0,4574996.0,-103,3.5,arenas
C6-04,431024.0,4574996.0,-102,3.5,arenas
C6-04,431024.0,4574996.0,-95,1.15,arenas
C6-04,431024.0,4574996.0,-94,3.5,arenas
C6-06,428690.0,4574580.0,-81,1.15,arenas
C6-06,428690.0,4574580.0,-80,1.15,arenas
C6-07,430865.0,4576161.0,-91,3.5,arenas
C6-07,430865.0,4576161.0,-77,3.5,arenas
C6-07,430865.0,4576161.0,-76,3.5,arenas
C6-07,430865.0,4576161.0,-75,1.15,arenas
C6-07,430865.0,4576161.0,-72,3.5,arenas
C6-07,430865.0,4576161.0,-70,3.5,arenas
C6-07,430865.0,4576161.0,-67,3.5,arenas
C6-07,430865.0,4576161.0,-66,3.5,arenas
C6-07,430865.0,4576161.0,-65,3.5,arenas
C6-07,430865.0,4576161.0,-63,3.5,arenas
C6-07,430865.0,4576161.0,-62,3.5,arenas
C6-07,430865.0,4576161.0,-61,3.5,arenas
C6-07,430865.0,4576161.0,-59,1.15,arenas
C6-08,431023.0,4575006.0,-123,1.15,arenas
C6-08,431023.0,4575006.0,-122,1.15,arenas
C6-08,431023.0,4575006.0,-121,3.5,arenas
C6-08,431023.0,4575006.0,-115,1.15,arenas
C6-08,431023.0,4575006.0,-114,1.15,arenas
C6-08,431023.0,4575006.0,-110,3.5,arenas
C6-08,431023.0,4575006.0,-109,3.5,arenas
C6-08,431023.0,4575006.0,-108,3.5,arenas
C6-08,431023.0,4575006.0,-107,3.5,arenas
C6-08,431023.0,4575006.0,-106,3.5,arenas
C6-08,431023.0,4575006.0,-96,3.5,arenas
C6-08,431023.0,4575006.0,-95,3.5,arenas
C6-08,431023.0,4575006.0,-94,3.5,arenas
C6-08,431023.0,4575006.0,-93,3.5,arenas
D4-14,422597.0,4572114.0,-53,1.15,arenas
D4-14,422597.0,4572114.0,-52,1.15,arenas
D4-14,422597.0,4572114.0,-51,1.15,arenas
D4-16,422796.0,4572005.0,-53,1.15,arenas
D4-16,422796.0,4572005.0,-51,1.15,arenas
D4-18,424353.0,4572813.0,-54,1.15,arenas
D4-18,424353.0,4572813.0,-53,1.15,arenas
D4-18,424353.0,4572813.0,-52,1.15,arenas
D4-18,424353.0,4572813.0,-51,1.15,arenas
D5-27,427736.0,4574050.0,-57,1.15,arenas
D5-27,427736.0,4574050.0,-56,1.15,arenas
D5-27,427736.0,4574050.0,-55,1.15,arenas
D5-34,425609.0,4573394.0,-52,1.15,arenas
D5-34,425609.0,4573394.0,-51,1.15,arenas
D5-35,426627.0,4572313.0,-62,1.15,arenas
D5-35,426627.0,4572313.0,-61,1.15,arenas
D5-35,426627.0,4572313.0,-60,1.15,arenas
D5-35,426627.0,4572313.0,-59,1.15,arenas
D5-35,426627.0,4572313.0,-58,1.15,arenas
D5-35,426627.0,4572313.0,-57,1.15,arenas
D5-35,426627.0,4572313.0,-56,1.15,arenas
D5-35,426627.0,4572313.0,-55,1.15,arenas
D5-36,426506.0,4572212.0,-101,1.15,arenas
D5-36,426506.0,4572212.0,-100,1.15,arenas
D5-36,426506.0,4572212.0,-99,1.15,arenas
D5-36,426506.0,4572212.0,-98,1.15,arenas
D5-36,426506.0,4572212.0,-97,1.15,arenas
D5-36,426506.0,4572212.0,-96,1.15,arenas
D5-36,426506.0,4572212.0,-95,1.15,arenas
D5-36,426506.0,4572212.0,-94,1.15,arenas
D5-36,426506.0,4572212.0,-93,1.15,arenas
D5-36,426506.0,4572212.0,-92,1.15,arenas
D5-36,426506.0,4572212.0,-91,1.15,arenas
D5-36,426506.0,4572212.0,-90,1.15,arenas
D5-36,426506.0,4572212.0,-89,1.15,arenas
D5-36,426506.0,4572212.0,-88,1.15,arenas
D5-36,426506.0,4572212.0,-87,1.15,arenas
D5-36,426506.0,4572212.0,-86,1.15,arenas
D5-36,426506.0,4572212.0,-85,1.15,arenas
D5-36,426506.0,4572212.0,-84,1.15,arenas
D5-36,426506.0,4572212.0,-83,1.15,arenas
D5-36,426506.0,4572212.0,-82,1.15,arenas
D5-36,426506.0,4572212.0,-81,1.15,arenas
D5-36,426506.0,4572212.0,-80,1.15,arenas
D5-36,426506.0,4572212.0,-79,1.15,arenas
D5-36,426506.0,4572212.0,-78,1.15,arenas
D5-36,426506.0,4572212.0,-77,1.15,arenas
D5-36,426506.0,4572212.0,-76,1.15,arenas
D5-36,426506.0,4572212.0,-75,1.15,arenas
D5-36,426506.0,4572212.0,-74,1.15,arenas
D5-36,426506.0,4572212.0,-73,1.15,arenas
D5-36,426506.0,4572212.0,-72,1.15,arenas
D5-36,426506.0,4572212.0,-71,1.15,arenas
D5-37,426580.0,4572180.0,-103,1.15,arenas
D5-37,426580.0,4572180.0,-102,1.15,arenas
D5-37,426580.0,4572180.0,-89,1.15,arenas
D5-37,426580.0,4572180.0,-88,1.15,arenas
D6-01,430386.0,4573696.0,-114,1.15,arenas
D6-01,430386.0,4573696.0,-113,1.15,arenas
D6-01,430386.0,4573696.0,-97,1.15,arenas
D6-01,430386.0,4573696.0,-96,3.5,arenas
D6-01,430386.0,4573696.0,-95,3.5,arenas
D6-01,430386.0,4573696.0,-94,3.5,arenas
D6-01,430386.0,4573696.0,-76,1.15,arenas
D6-01,430386.0,4573696.0,-75,3.5,arenas
D6-01,430386.0,4573696.0,-74,3.5,arenas
D6-01,430386.0,4573696.0,-73,3.5,arenas
D6-01,430386.0,4573696.0,-72,3.5,arenas
D6-02,429733.0,4572853.0,-101,3.5,arenas
D6-02,429733.0,4572853.0,-100,3.5,arenas
D6-02,429733.0,4572853.0,-99,3.5,arenas
D6-02,429733.0,4572853.0,-98,3.5,arenas
D6-02,429733.0,4572853.0,-97,3.5,arenas
D6-02,429733.0,4572853.0,-96,3.5,arenas
D6-02,429733.0,4572853.0,-95,3.5,arenas
D6-02,429733.0,4572853.0,-94,3.5,arenas
D6-02,429733.0,4572853.0,-93,3.5,arenas
D6-02,429733.0,4572853.0,-92,3.5,arenas
D6-02,429733.0,4572853.0,-91,3.5,arenas
D6-02,429733.0,4572853.0,-90,3.5,arenas
D6-02,429733.0,4572853.0,-89,3.5,arenas
D6-03,429097.0,4572047.0,-101,3.5,arenas
D6-03,429097.0,4572047.0,-100,3.5,arenas
D6-03,429097.0,4572047.0,-99,3.5,arenas
D6-03,429097.0,4572047.0,-98,3.5,arenas
D6-05,429739.0,4572845.0,-102,3.5,arenas
D6-05,429739.0,4572845.0,-101,3.5,arenas
D6-05,429739.0,4572845.0,-100,3.5,arenas
D6-05,429739.0,4572845.0,-99,3.5,arenas
D6-05,429739.0,4572845.0,-98,3.5,arenas
D6-05,429739.0,4572845.0,-97,3.5,arenas
D6-05,429739.0,4572845.0,-96,3.5,arenas
D6-05,429739.0,4572845.0,-95,3.5,arenas
D6-05,429739.0,4572845.0,-94,3.5,arenas
D6-05,429739.0,4572845.0,-93,3.5,arenas
D6-05,429739.0,4572845.0,-92,3.5,arenas
D6-05,429739.0,4572845.0,-71,3.5,arenas
D6-05,429739.0,4572845.0,-70,3.5,arenas
D6-06,430411.0,4573665.0,-74,3.5,arenas
D6-06,430411.0,4573665.0,-73,3.5,arenas
D6-06,430411.0,4573665.0,-72,3.5,arenas
D6-06,430411.0,4573665.0,-71,3.5,arenas
E2-06,417980.0,4570110.0,-121,1.15,arenas
E2-06,417980.0,4570110.0,-113,1.15,arenas
E2-06,417980.0,4570110.0,-112,1.15,arenas
E3-05,421110.0,4570840.0,-74,1.15,arenas
E3-05,421110.0,4570840.0,-73,1.15,arenas
E3-05,421110.0,4570840.0,-72,1.15,arenas
E3-05,421110.0,4570840.0,-71,1.15,arenas
E3-05,421110.0,4570840.0,-70,1.15,arenas
E3-05,421110.0,4570840.0,-69,1.15,arenas
E3-05,421110.0,4570840.0,-68,1.15,arenas
E3-05,421110.0,4570840.0,-67,1.15,arenas
E3-05,421110.0,4570840.0,-66,1.15,arenas
E4-01,421906.0,4570111.0,-131,1.15,arenas
E4-01,421906.0,4570111.0,-130,1.15,arenas
E4-01,421906.0,4570111.0,-113,1.15,arenas
E4-01,421906.0,4570111.0,-112,1.15,arenas
E4-01,421906.0,4570111.0,-94,1.15,arenas
E4-01,421906.0,4570111.0,-93,1.15,arenas
E4-01,421906.0,4570111.0,-92,1.15,arenas
E4-01,421906.0,4570111.0,-91,1.15,arenas
E4-01,421906.0,4570111.0,-90,1.15,arenas
E4-01,421906.0,4570111.0,-89,1.15,arenas
E4-01,421906.0,4570111.0,-88,1.15,arenas
E4-01,421906.0,4570111.0,-87,1.15,arenas
E4-01,421906.0,4570111.0,-86,1.15,arenas
E4-01,421906.0,4570111.0,-85,1.15,arenas
E4-01,421906.0,4570111.0,-84,1.15,arenas
E4-01,421906.0,4570111.0,-83,1.15,arenas
E4-01,421906.0,4570111.0,-82,1.15,arenas
E4-01,421906.0,4570111.0,-79,1.15,arenas
E4-01,421906.0,4570111.0,-78,1.15,arenas
E4-02,422000.0,4570030.0,-65,1.15,arenas
E4-02,422000.0,4570030.0,-64,1.15,arenas
E4-02,422000.0,4570030.0,-55,1.15,arenas
E4-02,422000.0,4570030.0,-54,1.15,arenas
E4-08,422740.0,4570660.0,-60,1.15,arenas
E4-14,423150.0,4570600.0,-106,1.15,arenas
E4-14,423150.0,4570600.0,-105,1.15,arenas
E4-14,423150.0,4570600.0,-104,1.15,arenas
E4-14,423150.0,4570600.0,-100,1.15,arenas
E4-14,423150.0,4570600.0,-99,1.15,arenas
E4-14,423150.0,4570600.0,-91,1.15,arenas
E4-14,423150.0,4570600.0,-90,1.15,arenas
E4-14,423150.0,4570600.0,-89,1.15,arenas
E4-14,423150.0,4570600.0,-88,1.15,arenas
E4-14,423150.0,4570600.0,-87,1.15,arenas
E4-19,425160.0,4571230.0,-62,1.15,arenas
E4-25,422542.0,4571860.0,-55,1.15,arenas
E4-25,422542.0,4571860.0,-54,1.15,arenas
E4-25,422542.0,4571860.0,-53,1.15,arenas
E4-25,422542.0,4571860.0,-52,1.15,arenas
E4-25,422542.0,4571860.0,-51,1.15,arenas
E4-27,422713.0,4571260.0,-57,1.15,arenas
E4-27,422713.0,4571260.0,-56,1.15,arenas
E4-27,422713.0,4571260.0,-55,1.15,arenas
E4-27,422713.0,4571260.0,-54,1.15,arenas
E4-27,422713.0,4571260.0,-53,1.15,arenas
E4-27,422713.0,4571260.0,-52,1.15,arenas
E4-27,422713.0,4571260.0,-51,1.15,arenas
E4-35,423052.0,4571813.0,-56,1.15,arenas
E4-35,423052.0,4571813.0,-55,1.15,arenas
E4-36,422584.0,4571605.0,-58,1.15,arenas
E4-36,422584.0,4571605.0,-57,1.15,arenas
E4-36,422584.0,4571605.0,-56,1.15,arenas
E4-36,422584.0,4571605.0,-53,1.15,arenas
E4-36,422584.0,4571605.0,-52,1.15,arenas
E4-37,422090.0,4571301.0,-54,1.15,arenas
E4-47,423087.0,4571672.0,-55,1.15,arenas
E4-47,423087.0,4571672.0,-54,1.15,arenas
E4-47,423087.0,4571672.0,-53,1.15,arenas
E5-01,425287.0,4571339.0,-75,1.15,arenas
E5-01,425287.0,4571339.0,-74,1.15,arenas
E5-01,425287.0,4571339.0,-73,1.15,arenas
E5-01,425287.0,4571339.0,-72,1.15,arenas
E5-01,425287.0,4571339.0,-71,1.15,arenas
E5-03,425506.0,4571465.0,-75,1.15,arenas
E5-03,425506.0,4571465.0,-74,1.15,arenas
E5-03,425506.0,4571465.0,-73,1.15,arenas
E5-03,425506.0,4571465.0,-72,1.15,arenas
F1-01,413510.0,4568960.0,-68,1.15,arenas
F2-01,415290.0,4568820.0,-91,1.15,arenas
F2-01,415290.0,4568820.0,-90,1.15,arenas
F2-01,415290.0,4568820.0,-89,1.15,arenas
F2-01,415290.0,4568820.0,-88,1.15,arenas
F2-01,415290.0,4568820.0,-87,1.15,arenas
F2-01,415290.0,4568820.0,-86,1.15,arenas
F2-01,415290.0,4568820.0,-85,1.15,arenas
F2-01,415290.0,4568820.0,-84,1.15,arenas
F2-01,415290.0,4568820.0,-83,1.15,arenas
F2-01,415290.0,4568820.0,-82,1.15,arenas
F2-01,415290.0,4568820.0,-81,1.15,arenas
F2-01,415290.0,4568820.0,-80,1.15,arenas
F2-01,415290.0,4568820.0,-79,1.15,arenas
F2-01,415290.0,4568820.0,-78,1.15,arenas
F3-02,419960.0,4569520.0,-52,1.15,arenas
F3-02,419960.0,4569520.0,-51,1.15,arenas
S1-01,438999.9,4587407.4,-51,3.5,arenas
S1-02,439091.2,4587174.7,-51,3.5,arenas
S1-03,439182.4,4586941.9,-51,3.5,arenas
S1-04,439273.6,4586709.1,-53,1.15,arenas
S1-04,439273.6,4586709.1,-52,1.15,arenas
S1-04,439273.6,4586709.1,-51,3.5,arenas
S1-05,439364.8,4586476.4,-54,1.15,arenas
S1-05,439364.8,4586476.4,-53,1.15,arenas
S1-05,439364.8,4586476.4,-52,1.15,arenas
S1-05,439364.8,4586476.4,-51,3.5,arenas
S1-06,439456.0,4586243.6,-56,1.15,arenas
S1-06,439456.0,4586243.6,-55,1.15,arenas
S1-06,439456.0,4586243.6,-54,1.15,arenas
S1-06,439456.0,4586243.6,-53,1.15,arenas
S1-06,439456.0,4586243.6,-52,1.15,arenas
S1-06,439456.0,4586243.6,-51,3.5,arenas
S1-07,439547.2,4586010.8,-58,1.15,arenas
S1-07,439547.2,4586010.8,-57,1.15,arenas
S1-07,439547.2,4586010.8,-56,1.15,arenas
S1-07,439547.2,4586010.8,-55,1.15,arenas
S1-07,439547.2,4586010.8,-54,1.15,arenas
S1-07,439547.2,4586010.8,-53,1.15,arenas
S1-07,439547.2,4586010.8,-52,1.15,arenas
S1-07,439547.2,4586010.8,-51,3.5,arenas
S1-08,439638.4,4585778.0,-59,1.15,arenas
S1-08,439638.4,4585778.0,-58,1.15,arenas
S1-08,439638.4,4585778.0,-57,1.15,arenas
S1-08,439638.4,4585778.0,-56,1.15,arenas
S1-08,439638.4,4585778.0,-55,1.15,arenas
S1-08,439638.4,4585778.0,-54,1.15,arenas
S1-08,439638.4,4585778.0,-53,1.15,arenas
S1-08,439638.4,4585778.0,-51,3.5,arenas
S1-09,439729.6,4585545.3,-62,1.15,arenas
S1-09,439729.6,4585545.3,-61,1.15,arenas
S1-09,439729.6,4585545.3,-60,1.15,arenas
S1-09,439729.6,4585545.3,-59,1.15,arenas
S1-09,439729.6,4585545.3,-58,1.15,arenas
S1-09,439729.6,4585545.3,-57,1.15,arenas
S1-09,439729.6,4585545.3,-56,1.15,arenas
S1-09,439729.6,4585545.3,-55,1.15,arenas
S1-09,439729.6,4585545.3,-54,1.15,arenas
S1-09,439729.6,4585545.3,-51,3.5,arenas
S1-10,439820.8,4585312.5,-64,1.15,arenas
S1-10,439820.8,4585312.5,-63,1.15,arenas
S1-10,439820.8,4585312.5,-62,1.15,arenas
S1-10,439820.8,4585312.5,-61,1.15,arenas
S1-10,439820.8,4585312.5,-60,1.15,arenas
S1-10,439820.8,4585312.5,-59,1.15,arenas
S1-10,439820.8,4585312.5,-58,1.15,arenas
S1-10,439820.8,4585312.5,-57,1.15,arenas
S1-10,439820.8,4585312.5,-56,1.15,arenas
S1-10,439820.8,4585312.5,-55,1.15,arenas
S1-11,439912.0,4585079.7,-66,1.15,arenas
S1-11,439912.0,4585079.7,-65,1.15,arenas
S1-11,439912.0,4585079.7,-64,1.15,arenas
S1-11,439912.0,4585079.7,-63,1.15,arenas
S1-11,439912.0,4585079.7,-62,1.15,arenas
S1-11,439912.0,4585079.7,-61,1.15,arenas
S1-11,439912.0,4585079.7,-60,1.15,arenas
S1-11,439912.0,4585079.7,-59,1.15,arenas
S1-11,439912.0,4585079.7,-58,1.15,arenas
S1-11,439912.0,4585079.7,-57,1.15,arenas
S1-11,439912.0,4585079.7,-56,1.15,arenas
S1-12,440003.2,4584847.0,-69,1.15,arenas
S1-12,440003.2,4584847.0,-68,1.15,arenas
S1-12,440003.2,4584847.0,-67,1.15,arenas
S1-12,440003.2,4584847.0,-66,1.15,arenas
S1-12,440003.2,4584847.0,-65,1.15,arenas
S1-12,440003.2,4584847.0,-64,1.15,arenas
S1-12,440003.2,4584847.0,-63,1.15,arenas
S1-12,440003.2,4584847.0,-62,1.15,arenas
S1-12,440003.2,4584847.0,-61,1.15,arenas
S1-12,440003.2,4584847.0,-60,1.15,arenas
S1-12,440003.2,4584847.0,-59,1.15,arenas
S1-12,440003.2,4584847.0,-58,1.15,arenas
S1-13,440094.4,4584614.2,-70,1.15,arenas
S1-13,440094.4,4584614.2,-69,1.15,arenas
S1-13,440094.4,4584614.2,-68,1.15,arenas
S1-13,440094.4,4584614.2,-67,1.15,arenas
S1-13,440094.4,4584614.2,-66,1.15,arenas
S1-13,440094.4,4584614.2,-65,1.15,arenas
S1-13,440094.4,4584614.2,-64,1.15,arenas
S1-13,440094.4,4584614.2,-63,1.15,arenas
S1-13,440094.4,4584614.2,-62,1.15,arenas
S1-14,440185.6,4584381.4,-73,1.15,arenas
S1-14,440185.6,4584381.4,-72,1.15,arenas
S1-14,440185.6,4584381.4,-71,1.15,arenas
S1-14,440185.6,4584381.4,-70,1.15,arenas
S1-14,440185.6,4584381.4,-69,1.15,arenas
S1-14,440185.6,4584381.4,-68,1.15,arenas
S1-14,440185.6,4584381.4,-67,1.15,arenas
S1-14,440185.6,4584381.4,-66,1.15,arenas
S1-14,440185.6,4584381.4,-65,1.15,arenas
S1-14,440185.6,4584381.4,-64,1.15,arenas
S1-15,440276.8,4584148.6,-74,1.15,arenas
S1-15,440276.8,4584148.6,-73,1.15,arenas
S1-15,440276.8,4584148.6,-72,1.15,arenas
S1-15,440276.8,4584148.6,-71,1.15,arenas
S1-15,440276.8,4584148.6,-70,1.15,arenas
S1-15,440276.8,4584148.6,-69,1.15,arenas
S1-15,440276.8,4584148.6,-68,1.15,arenas
S1-15,440276.8,4584148.6,-67,1.15,arenas
S1-15,440276.8,4584148.6,-66,1.15,arenas
S1-16,440368.0,4583915.9,-75,1.15,arenas
S1-16,440368.0,4583915.9,-74,1.15,arenas
S1-16,440368.0,4583915.9,-73,1.15,arenas
S1-16,440368.0,4583915.9,-72,1.15,arenas
S1-16,440368.0,4583915.9,-71,1.15,arenas
S1-16,440368.0,4583915.9,-70,1.15,arenas
S1-16,440368.0,4583915.9,-69,1.15,arenas
S1-16,440368.0,4583915.9,-68,1.15,arenas
S1-17,440459.2,4583683.1,-75,1.15,arenas
S1-17,440459.2,4583683.1,-74,1.15,arenas
S1-17,440459.2,4583683.1,-73,1.15,arenas
S1-17,440459.2,4583683.1,-72,1.15,arenas
S1-17,440459.2,4583683.1,-71,1.15,arenas
S1-17,440459.2,4583683.1,-70,1.15,arenas
S1-17,440459.2,4583683.1,-69,1.15,arenas
S1-18,440550.5,4583450.4,-76,1.15,arenas
S1-18,440550.5,4583450.4,-75,1.15,arenas
S1-18,440550.5,4583450.4,-74,1.15,arenas
S1-18,440550.5,4583450.4,-73,1.15,arenas
S1-18,440550.5,4583450.4,-72,1.15,arenas
S1-18,440550.5,4583450.4,-71,1.15,arenas
S1-18,440550.5,4583450.4,-70,1.15,arenas
S1-19,440641.7,4583217.6,-77,1.15,arenas
S1-19,440641.7,4583217.6,-76,1.15,arenas
S1-19,440641.7,4583217.6,-75,1.15,arenas
S1-19,440641.7,4583217.6,-74,1.15,arenas
S1-19,440641.7,4583217.6,-73,1.15,arenas
S1-19,440641.7,4583217.6,-72,1.15,arenas
S1-19,440641.7,4583217.6,-71,1.15,arenas
S1-20,440732.9,4582984.8,-77,1.15,arenas
S1-20,440732.9,4582984.8,-76,1.15,arenas
S1-20,440732.9,4582984.8,-75,1.15,arenas
S1-20,440732.9,4582984.8,-74,1.15,arenas
S1-20,440732.9,4582984.8,-73,1.15,arenas
S1-20,440732.9,4582984.8,-72,1.15,arenas
S1-21,440824.1,4582752.0,-80,1.15,arenas
S1-21,440824.1,4582752.0,-79,1.15,arenas
S1-21,440824.1,4582752.0,-78,1.15,arenas
S1-21,440824.1,4582752.0,-77,1.15,arenas
S1-21,440824.1,4582752.0,-76,1.15,arenas
S1-21,440824.1,4582752.0,-75,1.15,arenas
S1-21,440824.1,4582752.0,-74,1.15,arenas
S1-21,440824.1,4582752.0,-73,1.15,arenas
S1-21,440824.1,4582752.0,-72,1.15,arenas
S1-22,440915.3,4582519.3,-82,1.15,arenas
S1-22,440915.3,4582519.3,-81,1.15,arenas
S1-22,440915.3,4582519.3,-80,1.15,arenas
S1-22,440915.3,4582519.3,-79,1.15,arenas
S1-22,440915.3,4582519.3,-78,1.15,arenas
S1-22,440915.3,4582519.3,-77,1.15,arenas
S1-22,440915.3,4582519.3,-76,1.15,arenas
S1-22,440915.3,4582519.3,-75,1.15,arenas
S1-22,440915.3,4582519.3,-74,1.15,arenas
S1-23,441006.5,4582286.5,-84,1.15,arenas
S1-23,441006.5,4582286.5,-83,1.15,arenas
S1-23,441006.5,4582286.5,-82,1.15,arenas
S1-23,441006.5,4582286.5,-81,1.15,arenas
S1-23,441006.5,4582286.5,-80,1.15,arenas
S1-23,441006.5,4582286.5,-79,1.15,arenas
S1-23,441006.5,4582286.5,-78,1.15,arenas
S1-23,441006.5,4582286.5,-77,1.15,arenas
S1-24,441097.7,4582053.7,-86,1.15,arenas
S1-24,441097.7,4582053.7,-85,1.15,arenas
S1-24,441097.7,4582053.7,-84,1.15,arenas
S1-24,441097.7,4582053.7,-83,1.15,arenas
S1-24,441097.7,4582053.7,-82,1.15,arenas
S1-24,441097.7,4582053.7,-81,1.15,arenas
S1-24,441097.7,4582053.7,-80,1.15,arenas
S1-25,441188.9,4581821.0,-89,1.15,arenas
S1-25,441188.9,4581821.0,-88,1.15,arenas
S1-25,441188.9,4581821.0,-87,1.15,arenas
S1-25,441188.9,4581821.0,-86,1.15,arenas
S1-25,441188.9,4581821.0,-85,1.15,arenas
S1-25,441188.9,4581821.0,-84,1.15,arenas
S1-26,441280.1,4581588.2,-91,1.15,arenas
S1-26,441280.1,4581588.2,-90,1.15,arenas
S1-26,441280.1,4581588.2,-89,1.15,arenas
S1-26,441280.1,4581588.2,-88,1.15,arenas
S1-26,441280.1,4581588.2,-87,1.15,arenas
S1-27,441371.3,4581355.4,-95,1.15,arenas
S1-27,441371.3,4581355.4,-94,1.15,arenas
S1-27,441371.3,4581355.4,-93,1.15,arenas
S1-27,441371.3,4581355.4,-92,1.15,arenas
S1-27,441371.3,4581355.4,-91,1.15,arenas
S1-27,441371.3,4581355.4,-90,1.15,arenas
S1-28,441462.5,4581122.7,-98,1.15,arenas
S1-28,441462.5,4581122.7,-97,1.15,arenas
S1-28,441462.5,4581122.7,-96,1.15,arenas
S1-28,441462.5,4581122.7,-95,1.15,arenas
S1-28,441462.5,4581122.7,-94,1.15,arenas
S1-28,441462.5,4581122.7,-93,1.15,arenas
S1-29,441553.7,4580889.9,-102,1.15,arenas
S1-29,441553.7,4580889.9,-101,1.15,arenas
S1-29,441553.7,4580889.9,-100,1.15,arenas
S1-29,441553.7,4580889.9,-99,1.15,arenas
S1-29,441553.7,4580889.9,-98,1.15,arenas
S1-29,441553.7,4580889.9,-97,1.15,arenas
S1-30,441644.9,4580657.1,-105,1.15,arenas
S1-30,441644.9,4580657.1,-104,1.15,arenas
S1-30,441644.9,4580657.1,-103,1.15,arenas
S1-30,441644.9,4580657.1,-102,1.15,arenas
S1-30,441644.9,4580657.1,-101,1.15,arenas
S1-30,441644.9,4580657.1,-100,1.15,arenas
S1-30,441644.9,4580657.1,-74,1.15,arenas
S1-30,441644.9,4580657.1,-73,1.15,arenas
S1-31,441736.1,4580424.4,-109,1.15,arenas
S1-31,441736.1,4580424.4,-108,1.15,arenas
S1-31,441736.1,4580424.4,-107,1.15,arenas
S1-31,441736.1,4580424.4,-106,1.15,arenas
S1-31,441736.1,4580424.4,-105,1.15,arenas
S1-31,441736.1,4580424.4,-104,1.15,arenas
S1-31,441736.1,4580424.4,-103,1.15,arenas
S1-31,441736.1,4580424.4,-76,1.15,arenas
S1-31,441736.1,4580424.4,-75,1.15,arenas
S1-32,441827.3,4580191.6,-112,1.15,arenas
S1-32,441827.3,4580191.6,-111,1.15,arenas
S1-32,441827.3,4580191.6,-110,1.15,arenas
S1-32,441827.3,4580191.6,-109,1.15,arenas
S1-32,441827.3,4580191.6,-108,1.15,arenas
S1-32,441827.3,4580191.6,-107,1.15,arenas
S1-32,441827.3,4580191.6,-106,1.15,arenas
S1-32,441827.3,4580191.6,-78,1.15,arenas
S1-32,441827.3,4580191.6,-77,1.15,arenas
S1-32,441827.3,4580191.6,-76,1.15,arenas
S1-32,441827.3,4580191.6,-75,1.15,arenas
S1-33,441918.6,4579958.8,-117,1.15,arenas
S1-33,441918.6,4579958.8,-116,1.15,arenas
S1-33,441918.6,4579958.8,-115,1.15,arenas
S1-33,441918.6,4579958.8,-114,1.15,arenas
S1-33,441918.6,4579958.8,-113,1.15,arenas
S1-33,441918.6,4579958.8,-112,1.15,arenas
S1-33,441918.6,4579958.8,-111,1.15,arenas
S1-33,441918.6,4579958.8,-110,1.15,arenas
S1-33,441918.6,4579958.8,-80,1.15,arenas
S1-33,441918.6,4579958.8,-79,1.15,arenas
S1-33,441918.6,4579958.8,-78,1.15,arenas
S1-33,441918.6,4579958.8,-77,1.15,arenas
S1-33,441918.6,4579958.8,-76,1.15,arenas
S1-33,441918.6,4579958.8,-75,1.15,arenas
S1-34,442009.8,4579726.1,-123,1.15,arenas
S1-34,442009.8,4579726.1,-122,1.15,arenas
S1-34,442009.8,4579726.1,-121,1.15,arenas
S1-34,442009.8,4579726.1,-120,1.15,arenas
S1-34,442009.8,4579726.1,-119,1.15,arenas
S1-34,442009.8,4579726.1,-118,1.15,arenas
S1-34,442009.8,4579726.1,-117,1.15,arenas
S1-34,442009.8,4579726.1,-116,1.15,arenas
S1-34,442009.8,4579726.1,-115,1.15,arenas
S1-34,442009.8,4579726.1,-114,1.15,arenas
S1-34,442009.8,4579726.1,-113,1.15,arenas
S1-34,442009.8,4579726.1,-82,1.15,arenas
S1-34,442009.8,4579726.1,-81,1.15,arenas
S1-34,442009.8,4579726.1,-80,1.15,arenas
S1-34,442009.8,4579726.1,-79,1.15,arenas
S1-34,442009.8,4579726.1,-78,1.15,arenas
S1-34,442009.8,4579726.1,-77,1.15,arenas
S1-35,442101.0,4579493.3,-129,1.15,arenas
S1-35,442101.0,4579493.3,-128,1.15,arenas
S1-35,442101.0,4579493.3,-127,1.15,arenas
S1-35,442101.0,4579493.3,-126,1.15,arenas
S1-35,442101.0,4579493.3,-125,1.15,arenas
S1-35,442101.0,4579493.3,-124,1.15,arenas
S1-35,442101.0,4579493.3,-123,1.15,arenas
S1-35,442101.0,4579493.3,-122,1.15,arenas
S1-35,442101.0,4579493.3,-121,1.15,arenas
S1-35,442101.0,4579493.3,-120,1.15,arenas
S1-35,442101.0,4579493.3,-119,1.15,arenas
S1-35,442101.0,4579493.3,-118,1.15,arenas
S1-35,442101.0,4579493.3,-117,1.15,arenas
S1-35,442101.0,4579493.3,-85,1.15,arenas
S1-35,442101.0,4579493.3,-84,1.15,arenas
S1-35,442101.0,4579493.3,-83,1.15,arenas
S1-35,442101.0,4579493.3,-82,1.15,arenas
S1-35,442101.0,4579493.3,-81,1.15,arenas
S1-35,442101.0,4579493.3,-80,1.15,arenas
S1-35,442101.0,4579493.3,-79,1.15,arenas
S1-36,442192.2,4579260.5,-135,1.15,arenas
S1-36,442192.2,4579260.5,-134,1.15,arenas
S1-36,442192.2,4579260.5,-133,1.15,arenas
S1-36,442192.2,4579260.5,-132,1.15,arenas
S1-36,442192.2,4579260.5,-131,1.15,arenas
S1-36,442192.2,4579260.5,-130,1.15,arenas
S1-36,442192.2,4579260.5,-129,1.15,arenas
S1-36,442192.2,4579260.5,-128,1.15,arenas
S1-36,442192.2,4579260.5,-127,1.15,arenas
S1-36,442192.2,4579260.5,-126,1.15,arenas
S1-36,442192.2,4579260.5,-125,1.15,arenas
S1-36,442192.2,4579260.5,-124,1.15,arenas
S1-36,442192.2,4579260.5,-123,1.15,arenas
S1-36,442192.2,4579260.5,-122,1.15,arenas
S1-36,442192.2,4579260.5,-121,1.15,arenas
S1-36,442192.2,4579260.5,-87,1.15,arenas
S1-36,442192.2,4579260.5,-86,1.15,arenas
S1-36,442192.2,4579260.5,-85,1.15,arenas
S1-36,442192.2,4579260.5,-84,1.15,arenas
S1-36,442192.2,4579260.5,-83,1.15,arenas
S1-36,442192.2,4579260.5,-82,1.15,arenas
S1-36,442192.2,4579260.5,-81,1.15,arenas
S1-37,442283.4,4579027.7,-140,1.15,arenas
S1-37,442283.4,4579027.7,-139,1.15,arenas
S1-37,442283.4,4579027.7,-138,1.15,arenas
S1-37,442283.4,4579027.7,-137,1.15,arenas
S1-37,442283.4,4579027.7,-136,1.15,arenas
S1-37,442283.4,4579027.7,-135,1.15,arenas
S1-37,442283.4,4579027.7,-134,1.15,arenas
S1-37,442283.4,4579027.7,-133,1.15,arenas
S1-37,442283.4,4579027.7,-132,1.15,arenas
S1-37,442283.4,4579027.7,-131,1.15,arenas
S1-37,442283.4,4579027.7,-130,1.15,arenas
S1-37,442283.4,4579027.7,-129,1.15,arenas
S1-37,442283.4,4579027.7,-128,1.15,arenas
S1-37,442283.4,4579027.7,-127,1.15,arenas
S1-37,442283.4,4579027.7,-126,1.15,arenas
S1-37,442283.4,4579027.7,-89,1.15,arenas
S1-37,442283.4,4579027.7,-88,1.15,arenas
S1-37,442283.4,4579027.7,-87,1.15,arenas
S1-37,442283.4,4579027.7,-86,1.15,arenas
S1-37,442283.4,4579027.7,-85,1.15,arenas
S1-37,442283.4,4579027.7,-84,1.15,arenas
S1-38,442374.6,4578795.0,-148,1.15,arenas
S1-38,442374.6,4578795.0,-147,1.15,arenas
S1-38,442374.6,4578795.0,-146,1.15,arenas
S1-38,442374.6,4578795.0,-145,1.15,arenas
S1-38,442374.6,4578795.0,-144,1.15,arenas
S1-38,442374.6,4578795.0,-143,1.15,arenas
S1-38,442374.6,4578795.0,-142,1.15,arenas
S1-38,442374.6,4578795.0,-141,1.15,arenas
S1-38,442374.6,4578795.0,-140,1.15,arenas
S1-38,442374.6,4578795.0,-139,1.15,arenas
S1-38,442374.6,4578795.0,-138,1.15,arenas
S1-38,442374.6,4578795.0,-137,1.15,arenas
S1-38,442374.6,4578795.0,-136,1.15,arenas
S1-38,442374.6,4578795.0,-135,1.15,arenas
S1-38,442374.6,4578795.0,-134,1.15,arenas
S1-38,442374.6,4578795.0,-133,1.15,arenas
S1-38,442374.6,4578795.0,-132,1.15,arenas
S1-38,442374.6,4578795.0,-131,1.15,arenas
S1-38,442374.6,4578795.0,-130,1.15,arenas
S1-38,442374.6,4578795.0,-98,1.15,arenas
S1-38,442374.6,4578795.0,-97,1.15,arenas
S1-38,442374.6,4578795.0,-96,1.15,arenas
S1-38,442374.6,4578795.0,-91,1.15,arenas
S1-38,442374.6,4578795.0,-90,1.15,arenas
S1-38,442374.6,4578795.0,-89,1.15,arenas
S1-38,442374.6,4578795.0,-88,1.15,arenas
S1-38,442374.6,4578795.0,-87,1.15,arenas
S1-38,442374.6,4578795.0,-86,1.15,arenas
S1-39,442465.8,4578562.2,-153,1.15,arenas
S1-39,442465.8,4578562.2,-152,1.15,arenas
S1-39,442465.8,4578562.2,-151,1.15,arenas
S1-39,442465.8,4578562.2,-150,1.15,arenas
S1-39,442465.8,4578562.2,-149,1.15,arenas
S1-39,442465.8,4578562.2,-148,1.15,arenas
S1-39,442465.8,4578562.2,-147,1.15,arenas
S1-39,442465.8,4578562.2,-146,1.15,arenas
S1-39,442465.8,4578562.2,-145,1.15,arenas
S1-39,442465.8,4578562.2,-144,1.15,arenas
S1-39,442465.8,4578562.2,-143,1.15,arenas
S1-39,442465.8,4578562.2,-142,1.15,arenas
S1-39,442465.8,4578562.2,-141,1.15,arenas
S1-39,442465.8,4578562.2,-140,1.15,arenas
S1-39,442465.8,4578562.2,-139,1.15,arenas
S1-39,442465.8,4578562.2,-138,1.15,arenas
S1-39,442465.8,4578562.2,-137,1.15,arenas
S1-39,442465.8,4578562.2,-136,1.15,arenas
S1-39,442465.8,4578562.2,-135,1.15,arenas
S1-39,442465.8,4578562.2,-134,1.15,arenas
S1-39,442465.8,4578562.2,-102,1.15,arenas
S1-39,442465.8,4578562.2,-101,1.15,arenas
S1-39,442465.8,4578562.2,-100,1.15,arenas
S1-39,442465.8,4578562.2,-99,1.15,arenas
S1-39,442465.8,4578562.2,-93,1.15,arenas
S1-39,442465.8,4578562.2,-92,1.15,arenas
S1-39,442465.8,4578562.2,-91,1.15,arenas
S1-39,442465.8,4578562.2,-90,1.15,arenas
S1-39,442465.8,4578562.2,-89,1.15,arenas
S1-40,442557.0,4578329.4,-158,1.15,arenas
S1-40,442557.0,4578329.4,-157,1.15,arenas
S1-40,442557.0,4578329.4,-156,1.15,arenas
S1-40,442557.0,4578329.4,-155,1.15,arenas
S1-40,442557.0,4578329.4,-154,1.15,arenas
S1-40,442557.0,4578329.4,-153,1.15,arenas
S1-40,442557.0,4578329.4,-152,1.15,arenas
S1-40,442557.0,4578329.4,-151,1.15,arenas
S1-40,442557.0,4578329.4,-150,1.15,arenas
S1-40,442557.0,4578329.4,-149,1.15,arenas
S1-40,442557.0,4578329.4,-148,1.15,arenas
S1-40,442557.0,4578329.4,-147,1.15,arenas
S1-40,442557.0,4578329.4,-146,1.15,arenas
S1-40,442557.0,4578329.4,-145,1.15,arenas
S1-40,442557.0,4578329.4,-144,1.15,arenas
S1-40,442557.0,4578329.4,-143,1.15,arenas
S1-40,442557.0,4578329.4,-142,1.15,arenas
S1-40,442557.0,4578329.4,-141,1.15,arenas
S1-40,442557.0,4578329.4,-140,1.15,arenas
S1-40,442557.0,4578329.4,-139,1.15,arenas
S1-40,442557.0,4578329.4,-138,1.15,arenas
S1-40,442557.0,4578329.4,-105,1.15,arenas
S1-40,442557.0,4578329.4,-104,1.15,arenas
S1-40,442557.0,4578329.4,-103,1.15,arenas
S1-40,442557.0,4578329.4,-102,1.15,arenas
S1-40,442557.0,4578329.4,-95,1.15,arenas
S1-40,442557.0,4578329.4,-94,1.15,arenas
S1-40,442557.0,4578329.4,-93,1.15,arenas
S1-40,442557.0,4578329.4,-92,1.15,arenas
S1-40,442557.0,4578329.4,-91,1.15,arenas
S1-41,442648.2,4578096.7,-163,1.15,arenas
S1-41,442648.2,4578096.7,-162,1.15,arenas
S1-41,442648.2,4578096.7,-161,1.15,arenas
S1-41,442648.2,4578096.7,-160,1.15,arenas
S1-41,442648.2,4578096.7,-159,1.15,arenas
S1-41,442648.2,4578096.7,-158,1.15,arenas
S1-41,442648.2,4578096.7,-157,1.15,arenas
S1-41,442648.2,4578096.7,-156,1.15,arenas
S1-41,442648.2,4578096.7,-155,1.15,arenas
S1-41,442648.2,4578096.7,-154,1.15,arenas
S1-41,442648.2,4578096.7,-153,1.15,arenas
S1-41,442648.2,4578096.7,-152,1.15,arenas
S1-41,442648.2,4578096.7,-151,1.15,arenas
S1-41,442648.2,4578096.7,-150,1.15,arenas
S1-41,442648.2,4578096.7,-149,1.15,arenas
S1-41,442648.2,4578096.7,-148,1.15,arenas
S1-41,442648.2,4578096.7,-147,1.15,arenas
S1-41,442648.2,4578096.7,-146,1.15,arenas
S1-41,442648.2,4578096.7,-145,1.15,arenas
S1-41,442648.2,4578096.7,-144,1.15,arenas
S1-41,442648.2,4578096.7,-143,1.15,arenas
S1-41,442648.2,4578096.7,-142,1.15,arenas
S1-41,442648.2,4578096.7,-109,1.15,arenas
S1-41,442648.2,4578096.7,-108,1.15,arenas
S1-41,442648.2,4578096.7,-107,1.15,arenas
S1-41,442648.2,4578096.7,-106,1.15,arenas
S1-41,442648.2,4578096.7,-105,1.15,arenas
S1-41,442648.2,4578096.7,-104,1.15,arenas
S1-41,442648.2,4578096.7,-97,1.15,arenas
S1-41,442648.2,4578096.7,-96,1.15,arenas
S1-41,442648.2,4578096.7,-95,1.15,arenas
S1-41,442648.2,4578096.7,-94,1.15,arenas
S1-41,442648.2,4578096.7,-93,1.15,arenas
S1-42,442739.4,4577863.9,-166,1.15,arenas
S1-42,442739.4,4577863.9,-165,1.15,arenas
S1-42,442739.4,4577863.9,-164,1.15,arenas
S1-42,442739.4,4577863.9,-163,1.15,arenas
S1-42,442739.4,4577863.9,-162,1.15,arenas
S1-42,442739.4,4577863.9,-161,1.15,arenas
S1-42,442739.4,4577863.9,-160,1.15,arenas
S1-42,442739.4,4577863.9,-159,1.15,arenas
S1-42,442739.4,4577863.9,-158,1.15,arenas
S1-42,442739.4,4577863.9,-157,1.15,arenas
S1-42,442739.4,4577863.9,-156,1.15,arenas
S1-42,442739.4,4577863.9,-155,1.15,arenas
S1-42,442739.4,4577863.9,-154,1.15,arenas
S1-42,442739.4,4577863.9,-153,1.15,arenas
S1-42,442739.4,4577863.9,-152,1.15,arenas
S1-42,442739.4,4577863.9,-151,1.15,arenas
S1-42,442739.4,4577863.9,-150,1.15,arenas
S1-42,442739.4,4577863.9,-149,1.15,arenas
S1-42,442739.4,4577863.9,-148,1.15,arenas
S1-42,442739.4,4577863.9,-147,1.15,arenas
S1-42,442739.4,4577863.9,-146,1.15,arenas
S1-42,442739.4,4577863.9,-112,1.15,arenas
S1-42,442739.4,4577863.9,-111,1.15,arenas
S1-42,442739.4,4577863.9,-110,1.15,arenas
S1-42,442739.4,4577863.9,-109,1.15,arenas
S1-42,442739.4,4577863.9,-100,1.15,arenas
S1-42,442739.4,4577863.9,-99,1.15,arenas
S1-42,442739.4,4577863.9,-98,1.15,arenas
S1-42,442739.4,4577863.9,-97,1.15,arenas
S1-42,442739.4,4577863.9,-96,1.15,arenas
S1-43,442830.6,4577631.1,-170,1.15,arenas
S1-43,442830.6,4577631.1,-169,1.15,arenas
S1-43,442830.6,4577631.1,-168,1.15,arenas
S1-43,442830.6,4577631.1,-167,1.15,arenas
S1-43,442830.6,4577631.1,-166,1.15,arenas
S1-43,442830.6,4577631.1,-165,1.15,arenas
S1-43,442830.6,4577631.1,-164,1.15,arenas
S1-43,442830.6,4577631.1,-163,1.15,arenas
S1-43,442830.6,4577631.1,-162,1.15,arenas
S1-43,442830.6,4577631.1,-161,1.15,arenas
S1-43,442830.6,4577631.1,-160,1.15,arenas
S1-43,442830.6,4577631.1,-159,1.15,arenas
S1-43,442830.6,4577631.1,-158,1.15,arenas
S1-43,442830.6,4577631.1,-157,1.15,arenas
S1-43,442830.6,4577631.1,-156,1.15,arenas
S1-43,442830.6,4577631.1,-155,1.15,arenas
S1-43,442830.6,4577631.1,-154,1.15,arenas
S1-43,442830.6,4577631.1,-153,1.15,arenas
S1-43,442830.6,4577631.1,-152,1.15,arenas
S1-43,442830.6,4577631.1,-151,1.15,arenas
S1-43,442830.6,4577631.1,-150,1.15,arenas
S1-43,442830.6,4577631.1,-116,1.15,arenas
S1-43,442830.6,4577631.1,-115,1.15,arenas
S1-43,442830.6,4577631.1,-114,1.15,arenas
S1-43,442830.6,4577631.1,-113,1.15,arenas
S1-43,442830.6,4577631.1,-112,1.15,arenas
S1-43,442830.6,4577631.1,-111,1.15,arenas
S1-43,442830.6,4577631.1,-110,1.15,arenas
S1-43,442830.6,4577631.1,-104,1.15,arenas
S1-43,442830.6,4577631.1,-103,1.15,arenas
S1-43,442830.6,4577631.1,-102,1.15,arenas
S1-43,442830.6,4577631.1,-101,1.15,arenas
S1-43,442830.6,4577631.1,-100,1.15,arenas
S1-43,442830.6,4577631.1,-99,1.15,arenas
S1-44,442921.8,4577398.4,-173,1.15,arenas
S1-44,442921.8,4577398.4,-172,1.15,arenas
S1-44,442921.8,4577398.4,-171,1.15,arenas
S1-44,442921.8,4577398.4,-170,1.15,arenas
S1-44,442921.8,4577398.4,-169,1.15,arenas
S1-44,442921.8,4577398.4,-168,1.15,arenas
S1-44,442921.8,4577398.4,-167,1.15,arenas
S1-44,442921.8,4577398.4,-166,1.15,arenas
S1-44,442921.8,4577398.4,-165,1.15,arenas
S1-44,442921.8,4577398.4,-164,1.15,arenas
S1-44,442921.8,4577398.4,-163,1.15,arenas
S1-44,442921.8,4577398.4,-162,1.15,arenas
S1-44,442921.8,4577398.4,-161,1.15,arenas
S1-44,442921.8,4577398.4,-160,1.15,arenas
S1-44,442921.8,4577398.4,-159,1.15,arenas
S1-44,442921.8,4577398.4,-158,1.15,arenas
S1-44,442921.8,4577398.4,-157,1.15,arenas
S1-44,442921.8,4577398.4,-156,1.15,arenas
S1-44,442921.8,4577398.4,-155,1.15,arenas
S1-44,442921.8,4577398.4,-154,1.15,arenas
S1-44,442921.8,4577398.4,-119,1.15,arenas
S1-44,442921.8,4577398.4,-118,1.15,arenas
S1-44,442921.8,4577398.4,-117,1.15,arenas
S1-44,442921.8,4577398.4,-107,1.15,arenas
S1-44,442921.8,4577398.4,-106,1.15,arenas
S1-44,442921.8,4577398.4,-105,1.15,arenas
S1-44,442921.8,4577398.4,-104,1.15,arenas
S1-44,442921.8,4577398.4,-103,1.15,arenas
S1-44,442921.8,4577398.4,-102,1.15,arenas
S1-45,443013.0,4577165.6,-176,1.15,arenas
S1-45,443013.0,4577165.6,-175,1.15,arenas
S1-45,443013.0,4577165.6,-174,1.15,arenas
S1-45,443013.0,4577165.6,-173,1.15,arenas
S1-45,443013.0,4577165.6,-172,1.15,arenas
S1-45,443013.0,4577165.6,-171,1.15,arenas
S1-45,443013.0,4577165.6,-170,1.15,arenas
S1-45,443013.0,4577165.6,-169,1.15,arenas
S1-45,443013.0,4577165.6,-168,1.15,arenas
S1-45,443013.0,4577165.6,-167,1.15,arenas
S1-45,443013.0,4577165.6,-166,1.15,arenas
S1-45,443013.0,4577165.6,-165,1.15,arenas
S1-45,443013.0,4577165.6,-164,1.15,arenas
S1-45,443013.0,4577165.6,-163,1.15,arenas
S1-45,443013.0,4577165.6,-162,1.15,arenas
S1-45,443013.0,4577165.6,-161,1.15,arenas
S1-45,443013.0,4577165.6,-160,1.15,arenas
S1-45,443013.0,4577165.6,-159,1.15,arenas
S1-45,443013.0,4577165.6,-158,1.15,arenas
S1-45,443013.0,4577165.6,-123,1.15,arenas
S1-45,443013.0,4577165.6,-122,1.15,arenas
S1-45,443013.0,4577165.6,-121,1.15,arenas
S1-45,443013.0,4577165.6,-120,1.15,arenas
S1-45,443013.0,4577165.6,-111,1.15,arenas
S1-45,443013.0,4577165.6,-110,1.15,arenas
S1-45,443013.0,4577165.6,-109,1.15,arenas
S1-45,443013.0,4577165.6,-108,1.15,arenas
S1-45,443013.0,4577165.6,-107,1.15,arenas
S1-45,443013.0,4577165.6,-106,1.15,arenas
S1-45,443013.0,4577165.6,-105,1.15,arenas
S1-45,443013.0,4577165.6,-104,1.15,arenas
S1-46,443104.25,4576932.8,-179,1.15,arenas
S1-46,443104.25,4576932.8,-178,1.15,arenas
S1-46,443104.25,4576932.8,-177,1.15,arenas
S1-46,443104.25,4576932.8,-176,1.15,arenas
S1-46,443104.25,4576932.8,-175,1.15,arenas
S1-46,443104.25,4576932.8,-174,1.15,arenas
S1-46,443104.25,4576932.8,-173,1.15,arenas
S1-46,443104.25,4576932.8,-172,1.15,arenas
S1-46,443104.25,4576932.8,-171,1.15,arenas
S1-46,443104.25,4576932.8,-170,1.15,arenas
S1-46,443104.25,4576932.8,-169,1.15,arenas
S1-46,443104.25,4576932.8,-168,1.15,arenas
S1-46,443104.25,4576932.8,-167,1.15,arenas
S1-46,443104.25,4576932.8,-166,1.15,arenas
S1-46,443104.25,4576932.8,-165,1.15,arenas
S1-46,443104.25,4576932.8,-164,1.15,arenas
S1-46,443104.25,4576932.8,-126,1.15,arenas
S1-46,443104.25,4576932.8,-125,1.15,arenas
S1-46,443104.25,4576932.8,-124,1.15,arenas
S1-46,443104.25,4576932.8,-123,1.15,arenas
S1-46,443104.25,4576932.8,-114,1.15,arenas
S1-46,443104.25,4576932.8,-113,1.15,arenas
S1-46,443104.25,4576932.8,-112,1.15,arenas
S1-46,443104.25,4576932.8,-111,1.15,arenas
S1-46,443104.25,4576932.8,-110,1.15,arenas
S1-46,443104.25,4576932.8,-109,1.15,arenas
S1-46,443104.25,4576932.8,-108,1.15,arenas
S1-46,443104.25,4576932.8,-107,1.15,arenas
S1-47,443195.5,4576700.1,-182,1.15,arenas
S1-47,443195.5,4576700.1,-181,1.15,arenas
S1-47,443195.5,4576700.1,-180,1.15,arenas
S1-47,443195.5,4576700.1,-179,1.15,arenas
S1-47,443195.5,4576700.1,-178,1.15,arenas
S1-47,443195.5,4576700.1,-177,1.15,arenas
S1-47,443195.5,4576700.1,-176,1.15,arenas
S1-47,443195.5,4576700.1,-175,1.15,arenas
S1-47,443195.5,4576700.1,-174,1.15,arenas
S1-47,443195.5,4576700.1,-173,1.15,arenas
S1-47,443195.5,4576700.1,-172,1.15,arenas
S1-47,443195.5,4576700.1,-171,1.15,arenas
S1-47,443195.5,4576700.1,-170,1.15,arenas
S1-47,443195.5,4576700.1,-169,1.15,arenas
S1-47,443195.5,4576700.1,-130,1.15,arenas
S1-47,443195.5,4576700.1,-129,1.15,arenas
S1-47,443195.5,4576700.1,-128,1.15,arenas
S1-47,443195.5,4576700.1,-127,1.15,arenas
S1-47,443195.5,4576700.1,-126,1.15,arenas
S1-47,443195.5,4576700.1,-125,1.15,arenas
S1-47,443195.5,4576700.1,-118,1.15,arenas
S1-47,443195.5,4576700.1,-117,1.15,arenas
S1-47,443195.5,4576700.1,-116,1.15,arenas
S1-47,443195.5,4576700.1,-115,1.15,arenas
S1-47,443195.5,4576700.1,-114,1.15,arenas
S1-47,443195.5,4576700.1,-113,1.15,arenas
S1-47,443195.5,4576700.1,-112,1.15,arenas
S1-47,443195.5,4576700.1,-111,1.15,arenas
S1-47,443195.5,4576700.1,-110,1.15,arenas
S1-47,443195.5,4576700.1,-109,1.15,arenas
S1-48,443286.7,4576467.3,-185,1.15,arenas
S1-48,443286.7,4576467.3,-184,1.15,arenas
S1-48,443286.7,4576467.3,-183,1.15,arenas
S1-48,443286.7,4576467.3,-182,1.15,arenas
S1-48,443286.7,4576467.3,-181,1.15,arenas
S1-48,443286.7,4576467.3,-180,1.15,arenas
S1-48,443286.7,4576467.3,-179,1.15,arenas
S1-48,443286.7,4576467.3,-178,1.15,arenas
S1-48,443286.7,4576467.3,-177,1.15,arenas
S1-48,443286.7,4576467.3,-176,1.15,arenas
S1-48,443286.7,4576467.3,-175,1.15,arenas
S1-48,443286.7,4576467.3,-133,1.15,arenas
S1-48,443286.7,4576467.3,-132,1.15,arenas
S1-48,443286.7,4576467.3,-131,1.15,arenas
S1-48,443286.7,4576467.3,-130,1.15,arenas
S1-48,443286.7,4576467.3,-129,1.15,arenas
S1-48,443286.7,4576467.3,-128,1.15,arenas
S1-48,443286.7,4576467.3,-122,1.15,arenas
S1-48,443286.7,4576467.3,-121,1.15,arenas
S1-48,443286.7,4576467.3,-120,1.15,arenas
S1-48,443286.7,4576467.3,-119,1.15,arenas
S1-48,443286.7,4576467.3,-118,1.15,arenas
S1-48,443286.7,4576467.3,-117,1.15,arenas
S1-48,443286.7,4576467.3,-116,1.15,arenas
S1-48,443286.7,4576467.3,-115,1.15,arenas
S1-48,443286.7,4576467.3,-114,1.15,arenas
S1-48,443286.7,4576467.3,-113,1.15,arenas
S1-48,443286.7,4576467.3,-112,1.15,arenas
S1-48,443286.7,4576467.3,-63,1.15,arenas
S1-49,443377.9,4576234.5,-188,1.15,arenas
S1-49,443377.9,4576234.5,-187,1.15,arenas
S1-49,443377.9,4576234.5,-186,1.15,arenas
S1-49,443377.9,4576234.5,-185,1.15,arenas
S1-49,443377.9,4576234.5,-184,1.15,arenas
S1-49,443377.9,4576234.5,-183,1.15,arenas
S1-49,443377.9,4576234.5,-182,1.15,arenas
S1-49,443377.9,4576234.5,-181,1.15,arenas
S1-49,443377.9,4576234.5,-137,1.15,arenas
S1-49,443377.9,4576234.5,-136,1.15,arenas
S1-49,443377.9,4576234.5,-135,1.15,arenas
S1-49,443377.9,4576234.5,-134,1.15,arenas
S1-49,443377.9,4576234.5,-133,1.15,arenas
S1-49,443377.9,4576234.5,-132,1.15,arenas
S1-49,443377.9,4576234.5,-131,1.15,arenas
S1-49,443377.9,4576234.5,-126,1.15,arenas
S1-49,443377.9,4576234.5,-125,1.15,arenas
S1-49,443377.9,4576234.5,-124,1.15,arenas
S1-49,443377.9,4576234.5,-123,1.15,arenas
S1-49,443377.9,4576234.5,-122,1.15,arenas
S1-49,443377.9,4576234.5,-121,1.15,arenas
S1-49,443377.9,4576234.5,-120,1.15,arenas
S1-49,443377.9,4576234.5,-119,1.15,arenas
S1-49,443377.9,4576234.5,-118,1.15,arenas
S1-49,443377.9,4576234.5,-117,1.15,arenas
S1-49,443377.9,4576234.5,-116,1.15,arenas
S1-49,443377.9,4576234.5,-115,1.15,arenas
S1-49,443377.9,4576234.5,-64,1.15,arenas
S1-49,443377.9,4576234.5,-63,1.15,arenas
S1-49,443377.9,4576234.5,-62,1.15,arenas
S1-50,443469.1,4576001.8,-191,1.15,arenas
S1-50,443469.1,4576001.8,-190,1.15,arenas
S1-50,443469.1,4576001.8,-189,1.15,arenas
S1-50,443469.1,4576001.8,-188,1.15,arenas
S1-50,443469.1,4576001.8,-187,1.15,arenas
S1-50,443469.1,4576001.8,-186,1.15,arenas
S1-50,443469.1,4576001.8,-140,1.15,arenas
S1-50,443469.1,4576001.8,-139,1.15,arenas
S1-50,443469.1,4576001.8,-138,1.15,arenas
S1-50,443469.1,4576001.8,-137,1.15,arenas
S1-50,443469.1,4576001.8,-136,1.15,arenas
S1-50,443469.1,4576001.8,-135,1.15,arenas
S1-50,443469.1,4576001.8,-134,1.15,arenas
S1-50,443469.1,4576001.8,-129,1.15,arenas
S1-50,443469.1,4576001.8,-128,1.15,arenas
S1-50,443469.1,4576001.8,-127,1.15,arenas
S1-50,443469.1,4576001.8,-126,1.15,arenas
S1-50,443469.1,4576001.8,-125,1.15,arenas
S1-50,443469.1,4576001.8,-124,1.15,arenas
S1-50,443469.1,4576001.8,-123,1.15,arenas
S1-50,443469.1,4576001.8,-122,1.15,arenas
S1-50,443469.1,4576001.8,-121,1.15,arenas
S1-50,443469.1,4576001.8,-120,1.15,arenas
S1-50,443469.1,4576001.8,-119,1.15,arenas
S1-50,443469.1,4576001.8,-118,1.15,arenas
S1-50,443469.1,4576001.8,-64,1.15,arenas
S1-50,443469.1,4576001.8,-63,1.15,arenas
S1-50,443469.1,4576001.8,-62,1.15,arenas
S1-51,443560.3,4575769.0,-194,1.15,arenas
S1-51,443560.3,4575769.0,-193,1.15,arenas
S1-51,443560.3,4575769.0,-192,1.15,arenas
S1-51,443560.3,4575769.0,-144,1.15,arenas
S1-51,443560.3,4575769.0,-143,1.15,arenas
S1-51,443560.3,4575769.0,-142,1.15,arenas
S1-51,443560.3,4575769.0,-141,1.15,arenas
S1-51,443560.3,4575769.0,-140,1.15,arenas
S1-51,443560.3,4575769.0,-139,1.15,arenas
S1-51,443560.3,4575769.0,-138,1.15,arenas
S1-51,443560.3,4575769.0,-133,1.15,arenas
S1-51,443560.3,4575769.0,-132,1.15,arenas
S1-51,443560.3,4575769.0,-131,1.15,arenas
S1-51,443560.3,4575769.0,-130,1.15,arenas
S1-51,443560.3,4575769.0,-129,1.15,arenas
S1-51,443560.3,4575769.0,-128,1.15,arenas
S1-51,443560.3,4575769.0,-127,1.15,arenas
S1-51,443560.3,4575769.0,-126,1.15,arenas
S1-51,443560.3,4575769.0,-125,1.15,arenas
S1-51,443560.3,4575769.0,-124,1.15,arenas
S1-51,443560.3,4575769.0,-123,1.15,arenas
S1-51,443560.3,4575769.0,-122,1.15,arenas
S1-51,443560.3,4575769.0,-121,1.15,arenas
S1-51,443560.3,4575769.0,-93,1.15,arenas
S1-51,443560.3,4575769.0,-92,1.15,arenas
S1-51,443560.3,4575769.0,-91,1.15,arenas
S1-51,443560.3,4575769.0,-90,1.15,arenas
S1-51,443560.3,4575769.0,-89,1.15,arenas
S1-51,443560.3,4575769.0,-88,1.15,arenas
S1-51,443560.3,4575769.0,-87,1.15,arenas
S1-51,443560.3,4575769.0,-64,1.15,arenas
S1-51,443560.3,4575769.0,-63,1.15,arenas
S1-51,443560.3,4575769.0,-62,1.15,arenas
S1-52,443651.5,4575536.2,-198,1.15,arenas
S1-52,443651.5,4575536.2,-197,1.15,arenas
S1-52,443651.5,4575536.2,-147,1.15,arenas
S1-52,443651.5,4575536.2,-146,1.15,arenas
S1-52,443651.5,4575536.2,-145,1.15,arenas
S1-52,443651.5,4575536.2,-144,1.15,arenas
S1-52,443651.5,4575536.2,-143,1.15,arenas
S1-52,443651.5,4575536.2,-142,1.15,arenas
S1-52,443651.5,4575536.2,-137,1.15,arenas
S1-52,443651.5,4575536.2,-136,1.15,arenas
S1-52,443651.5,4575536.2,-135,1.15,arenas
S1-52,443651.5,4575536.2,-134,1.15,arenas
S1-52,443651.5,4575536.2,-133,1.15,arenas
S1-52,443651.5,4575536.2,-132,1.15,arenas
S1-52,443651.5,4575536.2,-131,1.15,arenas
S1-52,443651.5,4575536.2,-130,1.15,arenas
S1-52,443651.5,4575536.2,-129,1.15,arenas
S1-52,443651.5,4575536.2,-128,1.15,arenas
S1-52,443651.5,4575536.2,-127,1.15,arenas
S1-52,443651.5,4575536.2,-126,1.15,arenas
S1-52,443651.5,4575536.2,-125,1.15,arenas
S1-52,443651.5,4575536.2,-95,1.15,arenas
S1-52,443651.5,4575536.2,-94,1.15,arenas
S1-52,443651.5,4575536.2,-93,1.15,arenas
S1-52,443651.5,4575536.2,-92,1.15,arenas
S1-52,443651.5,4575536.2,-91,1.15,arenas
S1-52,443651.5,4575536.2,-90,1.15,arenas
S1-52,443651.5,4575536.2,-89,1.15,arenas
S1-52,443651.5,4575536.2,-88,1.15,arenas
S1-52,443651.5,4575536.2,-87,1.15,arenas
S1-52,443651.5,4575536.2,-86,1.15,arenas
S1-52,443651.5,4575536.2,-85,1.15,arenas
S1-52,443651.5,4575536.2,-65,1.15,arenas
S1-52,443651.5,4575536.2,-64,1.15,arenas
S1-52,443651.5,4575536.2,-63,1.15,arenas
S1-52,443651.5,4575536.2,-62,1.15,arenas
S1-53,443742.7,4575303.4,-151,1.15,arenas
S1-53,443742.7,4575303.4,-150,1.15,arenas
S1-53,443742.7,4575303.4,-149,1.15,arenas
S1-53,443742.7,4575303.4,-148,1.15,arenas
S1-53,443742.7,4575303.4,-147,1.15,arenas
S1-53,443742.7,4575303.4,-146,1.15,arenas
S1-53,443742.7,4575303.4,-145,1.15,arenas
S1-53,443742.7,4575303.4,-144,1.15,arenas
S1-53,443742.7,4575303.4,-143,1.15,arenas
S1-53,443742.7,4575303.4,-141,1.15,arenas
S1-53,443742.7,4575303.4,-140,1.15,arenas
S1-53,443742.7,4575303.4,-139,1.15,arenas
S1-53,443742.7,4575303.4,-138,1.15,arenas
S1-53,443742.7,4575303.4,-137,1.15,arenas
S1-53,443742.7,4575303.4,-136,1.15,arenas
S1-53,443742.7,4575303.4,-135,1.15,arenas
S1-53,443742.7,4575303.4,-134,1.15,arenas
S1-53,443742.7,4575303.4,-133,1.15,arenas
S1-53,443742.7,4575303.4,-132,1.15,arenas
S1-53,443742.7,4575303.4,-131,1.15,arenas
S1-53,443742.7,4575303.4,-130,1.15,arenas
S1-53,443742.7,4575303.4,-98,1.15,arenas
S1-53,443742.7,4575303.4,-97,1.15,arenas
S1-53,443742.7,4575303.4,-96,1.15,arenas
S1-53,443742.7,4575303.4,-95,1.15,arenas
S1-53,443742.7,4575303.4,-94,1.15,arenas
S1-53,443742.7,4575303.4,-93,1.15,arenas
S1-53,443742.7,4575303.4,-92,1.15,arenas
S1-53,443742.7,4575303.4,-66,1.15,arenas
S1-53,443742.7,4575303.4,-65,1.15,arenas
S1-53,443742.7,4575303.4,-64,1.15,arenas
S1-53,443742.7,4575303.4,-63,1.15,arenas
S1-53,443742.7,4575303.4,-62,1.15,arenas
S1-54,443833.9,4575070.7,-154,1.15,arenas
S1-54,443833.9,4575070.7,-153,1.15,arenas
S1-54,443833.9,4575070.7,-152,1.15,arenas
S1-54,443833.9,4575070.7,-151,1.15,arenas
S1-54,443833.9,4575070.7,-150,1.15,arenas
S1-54,443833.9,4575070.7,-149,1.15,arenas
S1-54,443833.9,4575070.7,-148,1.15,arenas
S1-54,443833.9,4575070.7,-147,1.15,arenas
S1-54,443833.9,4575070.7,-144,1.15,arenas
S1-54,443833.9,4575070.7,-143,1.15,arenas
S1-54,443833.9,4575070.7,-142,1.15,arenas
S1-54,443833.9,4575070.7,-141,1.15,arenas
S1-54,443833.9,4575070.7,-140,1.15,arenas
S1-54,443833.9,4575070.7,-139,1.15,arenas
S1-54,443833.9,4575070.7,-138,1.15,arenas
S1-54,443833.9,4575070.7,-137,1.15,arenas
S1-54,443833.9,4575070.7,-136,1.15,arenas
S1-54,443833.9,4575070.7,-135,1.15,arenas
S1-54,443833.9,4575070.7,-134,1.15,arenas
S1-54,443833.9,4575070.7,-101,1.15,arenas
S1-54,443833.9,4575070.7,-100,1.15,arenas
S1-54,443833.9,4575070.7,-99,1.15,arenas
S1-54,443833.9,4575070.7,-98,1.15,arenas
S1-54,443833.9,4575070.7,-97,1.15,arenas
S1-54,443833.9,4575070.7,-96,1.15,arenas
S1-54,443833.9,4575070.7,-68,1.15,arenas
S1-54,443833.9,4575070.7,-67,1.15,arenas
S1-54,443833.9,4575070.7,-66,1.15,arenas
S1-54,443833.9,4575070.7,-65,1.15,arenas
S1-54,443833.9,4575070.7,-64,1.15,arenas
S1-54,443833.9,4575070.7,-63,1.15,arenas
S1-54,443833.9,4575070.7,-62,1.15,arenas
S1-55,443925.1,4574837.9,-158,1.15,arenas
S1-55,443925.1,4574837.9,-157,1.15,arenas
S1-55,443925.1,4574837.9,-156,1.15,arenas
S1-55,443925.1,4574837.9,-155,1.15,arenas
S1-55,443925.1,4574837.9,-154,1.15,arenas
S1-55,443925.1,4574837.9,-153,1.15,arenas
S1-55,443925.1,4574837.9,-152,1.15,arenas
S1-55,443925.1,4574837.9,-151,1.15,arenas
S1-55,443925.1,4574837.9,-149,1.15,arenas
S1-55,443925.1,4574837.9,-148,1.15,arenas
S1-55,443925.1,4574837.9,-147,1.15,arenas
S1-55,443925.1,4574837.9,-146,1.15,arenas
S1-55,443925.1,4574837.9,-145,1.15,arenas
S1-55,443925.1,4574837.9,-144,1.15,arenas
S1-55,443925.1,4574837.9,-143,1.15,arenas
S1-55,443925.1,4574837.9,-142,1.15,arenas
S1-55,443925.1,4574837.9,-141,1.15,arenas
S1-55,443925.1,4574837.9,-140,1.15,arenas
S1-55,443925.1,4574837.9,-139,1.15,arenas
S1-55,443925.1,4574837.9,-104,1.15,arenas
S1-55,443925.1,4574837.9,-103,1.15,arenas
S1-55,443925.1,4574837.9,-102,1.15,arenas
S1-55,443925.1,4574837.9,-101,1.15,arenas
S1-55,443925.1,4574837.9,-100,1.15,arenas
S1-55,443925.1,4574837.9,-99,1.15,arenas
S1-55,443925.1,4574837.9,-71,1.15,arenas
S1-55,443925.1,4574837.9,-70,1.15,arenas
S1-55,443925.1,4574837.9,-69,1.15,arenas
S1-55,443925.1,4574837.9,-68,1.15,arenas
S1-55,443925.1,4574837.9,-67,1.15,arenas
S1-55,443925.1,4574837.9,-66,1.15,arenas
S1-55,443925.1,4574837.9,-65,1.15,arenas
S1-55,443925.1,4574837.9,-64,1.15,arenas
S1-55,443925.1,4574837.9,-63,1.15,arenas
S1-55,443925.1,4574837.9,-62,1.15,arenas
S1-56,444016.3,4574605.1,-161,1.15,arenas
S1-56,444016.3,4574605.1,-160,1.15,arenas
S1-56,444016.3,4574605.1,-159,1.15,arenas
S1-56,444016.3,4574605.1,-158,1.15,arenas
S1-56,444016.3,4574605.1,-157,1.15,arenas
S1-56,444016.3,4574605.1,-156,1.15,arenas
S1-56,444016.3,4574605.1,-155,1.15,arenas
S1-56,444016.3,4574605.1,-154,1.15,arenas
S1-56,444016.3,4574605.1,-153,1.15,arenas
S1-56,444016.3,4574605.1,-152,1.15,arenas
S1-56,444016.3,4574605.1,-151,1.15,arenas
S1-56,444016.3,4574605.1,-150,1.15,arenas
S1-56,444016.3,4574605.1,-149,1.15,arenas
S1-56,444016.3,4574605.1,-148,1.15,arenas
S1-56,444016.3,4574605.1,-147,1.15,arenas
S1-56,444016.3,4574605.1,-146,1.15,arenas
S1-56,444016.3,4574605.1,-145,1.15,arenas
S1-56,444016.3,4574605.1,-144,1.15,arenas
S1-56,444016.3,4574605.1,-143,1.15,arenas
S1-56,444016.3,4574605.1,-108,1.15,arenas
S1-56,444016.3,4574605.1,-107,1.15,arenas
S1-56,444016.3,4574605.1,-106,1.15,arenas
S1-56,444016.3,4574605.1,-105,1.15,arenas
S1-56,444016.3,4574605.1,-104,1.15,arenas
S1-56,444016.3,4574605.1,-75,1.15,arenas
S1-56,444016.3,4574605.1,-74,1.15,arenas
S1-56,444016.3,4574605.1,-73,1.15,arenas
S1-56,444016.3,4574605.1,-72,1.15,arenas
S1-56,444016.3,4574605.1,-71,1.15,arenas
S1-56,444016.3,4574605.1,-70,1.15,arenas
S1-56,444016.3,4574605.1,-69,1.15,arenas
S1-56,444016.3,4574605.1,-68,1.15,arenas
S1-56,444016.3,4574605.1,-67,1.15,arenas
S1-56,444016.3,4574605.1,-66,1.15,arenas
S1-56,444016.3,4574605.1,-65,1.15,arenas
S1-56,444016.3,4574605.1,-64,1.15,arenas
S1-56,444016.3,4574605.1,-63,1.15,arenas
S1-56,444016.3,4574605.1,-62,1.15,arenas
S1-57,444107.5,4574372.4,-164,1.15,arenas
S1-57,444107.5,4574372.4,-163,1.15,arenas
S1-57,444107.5,4574372.4,-162,1.15,arenas
S1-57,444107.5,4574372.4,-161,1.15,arenas
S1-57,444107.5,4574372.4,-160,1.15,arenas
S1-57,444107.5,4574372.4,-159,1.15,arenas
S1-57,444107.5,4574372.4,-158,1.15,arenas
S1-57,444107.5,4574372.4,-157,1.15,arenas
S1-57,444107.5,4574372.4,-156,1.15,arenas
S1-57,444107.5,4574372.4,-155,1.15,arenas
S1-57,444107.5,4574372.4,-154,1.15,arenas
S1-57,444107.5,4574372.4,-153,1.15,arenas
S1-57,444107.5,4574372.4,-152,1.15,arenas
S1-57,444107.5,4574372.4,-151,1.15,arenas
S1-57,444107.5,4574372.4,-150,1.15,arenas
S1-57,444107.5,4574372.4,-149,1.15,arenas
S1-57,444107.5,4574372.4,-148,1.15,arenas
S1-57,444107.5,4574372.4,-115,1.15,arenas
S1-57,444107.5,4574372.4,-114,1.15,arenas
S1-57,444107.5,4574372.4,-113,1.15,arenas
S1-57,444107.5,4574372.4,-112,1.15,arenas
S1-57,444107.5,4574372.4,-111,1.15,arenas
S1-57,444107.5,4574372.4,-110,1.15,arenas
S1-57,444107.5,4574372.4,-109,1.15,arenas
S1-57,444107.5,4574372.4,-108,1.15,arenas
S1-57,444107.5,4574372.4,-107,1.15,arenas
S1-57,444107.5,4574372.4,-106,1.15,arenas
S1-57,444107.5,4574372.4,-81,1.15,arenas
S1-57,444107.5,4574372.4,-80,1.15,arenas
S1-57,444107.5,4574372.4,-79,1.15,arenas
S1-57,444107.5,4574372.4,-78,1.15,arenas
S1-57,444107.5,4574372.4,-77,1.15,arenas
S1-57,444107.5,4574372.4,-76,1.15,arenas
S1-57,444107.5,4574372.4,-75,1.15,arenas
S1-57,444107.5,4574372.4,-74,1.15,arenas
S1-57,444107.5,4574372.4,-73,1.15,arenas
S1-57,444107.5,4574372.4,-72,1.15,arenas
S1-57,444107.5,4574372.4,-71,1.15,arenas
S1-57,444107.5,4574372.4,-70,1.15,arenas
S1-57,444107.5,4574372.4,-69,1.15,arenas
S1-57,444107.5,4574372.4,-68,1.15,arenas
S1-57,444107.5,4574372.4,-67,1.15,arenas
S1-58,444198.7,4574139.6,-168,1.15,arenas
S1-58,444198.7,4574139.6,-167,1.15,arenas
S1-58,444198.7,4574139.6,-166,1.15,arenas
S1-58,444198.7,4574139.6,-165,1.15,arenas
S1-58,444198.7,4574139.6,-164,1.15,arenas
S1-58,444198.7,4574139.6,-163,1.15,arenas
S1-58,444198.7,4574139.6,-162,1.15,arenas
S1-58,444198.7,4574139.6,-161,1.15,arenas
S1-58,444198.7,4574139.6,-160,1.15,arenas
S1-58,444198.7,4574139.6,-159,1.15,arenas
S1-58,444198.7,4574139.6,-158,1.15,arenas
S1-58,444198.7,4574139.6,-157,1.15,arenas
S1-58,444198.7,4574139.6,-156,1.15,arenas
S1-58,444198.7,4574139.6,-155,1.15,arenas
S1-58,444198.7,4574139.6,-154,1.15,arenas
S1-58,444198.7,4574139.6,-153,1.15,arenas
S1-58,444198.7,4574139.6,-123,1.15,arenas
S1-58,444198.7,4574139.6,-122,1.15,arenas
S1-58,444198.7,4574139.6,-121,1.15,arenas
S1-58,444198.7,4574139.6,-120,1.15,arenas
S1-58,444198.7,4574139.6,-119,1.15,arenas
S1-58,444198.7,4574139.6,-118,1.15,arenas
S1-58,444198.7,4574139.6,-117,1.15,arenas
S1-58,444198.7,4574139.6,-116,1.15,arenas
S1-58,444198.7,4574139.6,-115,1.15,arenas
S1-58,444198.7,4574139.6,-114,1.15,arenas
S1-58,444198.7,4574139.6,-113,1.15,arenas
S1-58,444198.7,4574139.6,-112,1.15,arenas
S1-58,444198.7,4574139.6,-111,1.15,arenas
S1-58,444198.7,4574139.6,-110,1.15,arenas
S1-58,444198.7,4574139.6,-88,1.15,arenas
S1-58,444198.7,4574139.6,-87,1.15,arenas
S1-58,444198.7,4574139.6,-86,1.15,arenas
S1-58,444198.7,4574139.6,-85,1.15,arenas
S1-58,444198.7,4574139.6,-84,1.15,arenas
S1-58,444198.7,4574139.6,-83,1.15,arenas
S1-58,444198.7,4574139.6,-82,1.15,arenas
S1-58,444198.7,4574139.6,-81,1.15,arenas
S1-58,444198.7,4574139.6,-80,1.15,arenas
S1-58,444198.7,4574139.6,-79,1.15,arenas
S1-59,444289.9,4573906.8,-171,1.15,arenas
S1-59,444289.9,4573906.8,-170,1.15,arenas
S1-59,444289.9,4573906.8,-169,1.15,arenas
S1-59,444289.9,4573906.8,-168,1.15,arenas
S1-59,444289.9,4573906.8,-167,1.15,arenas
S1-59,444289.9,4573906.8,-166,1.15,arenas
S1-59,444289.9,4573906.8,-165,1.15,arenas
S1-59,444289.9,4573906.8,-164,1.15,arenas
S1-59,444289.9,4573906.8,-163,1.15,arenas
S1-59,444289.9,4573906.8,-162,1.15,arenas
S1-59,444289.9,4573906.8,-161,1.15,arenas
S1-59,444289.9,4573906.8,-160,1.15,arenas
S1-59,444289.9,4573906.8,-159,1.15,arenas
S1-59,444289.9,4573906.8,-158,1.15,arenas
S1-59,444289.9,4573906.8,-128,1.15,arenas
S1-59,444289.9,4573906.8,-127,1.15,arenas
S1-59,444289.9,4573906.8,-126,1.15,arenas
S1-59,444289.9,4573906.8,-125,1.15,arenas
S1-59,444289.9,4573906.8,-124,1.15,arenas
S1-59,444289.9,4573906.8,-123,1.15,arenas
S1-59,444289.9,4573906.8,-122,1.15,arenas
S1-59,444289.9,4573906.8,-121,1.15,arenas
S1-59,444289.9,4573906.8,-120,1.15,arenas
S1-59,444289.9,4573906.8,-119,1.15,arenas
S1-59,444289.9,4573906.8,-118,1.15,arenas
S1-59,444289.9,4573906.8,-117,1.15,arenas
S1-59,444289.9,4573906.8,-116,1.15,arenas
S1-59,444289.9,4573906.8,-115,1.15,arenas
S1-59,444289.9,4573906.8,-114,1.15,arenas
S1-59,444289.9,4573906.8,-94,1.15,arenas
S1-59,444289.9,4573906.8,-93,1.15,arenas
S1-59,444289.9,4573906.8,-92,1.15,arenas
S1-59,444289.9,4573906.8,-91,1.15,arenas
S1-59,444289.9,4573906.8,-90,1.15,arenas
S1-59,444289.9,4573906.8,-89,1.15,arenas
S1-59,444289.9,4573906.8,-88,1.15,arenas
S1-59,444289.9,4573906.8,-87,1.15,arenas
S1-59,444289.9,4573906.8,-86,1.15,arenas
S1-59,444289.9,4573906.8,-85,1.15,arenas
S1-59,444289.9,4573906.8,-84,1.15,arenas
S1-59,444289.9,4573906.8,-83,1.15,arenas
S2-01,429354.2,4571124.2,-78,1.15,arenas
S2-01,429354.2,4571124.2,-77,1.15,arenas
S2-01,429354.2,4571124.2,-76,1.15,arenas
S2-01,429354.2,4571124.2,-75,1.15,arenas
S2-01,429354.2,4571124.2,-74,1.15,arenas
S2-01,429354.2,4571124.2,-73,1.15,arenas
S2-01,429354.2,4571124.2,-72,1.15,arenas
S2-01,429354.2,4571124.2,-71,1.15,arenas
S2-01,429354.2,4571124.2,-70,1.15,arenas
S2-01,429354.2,4571124.2,-69,1.15,arenas
S2-01,429354.2,4571124.2,-68,1.15,arenas
S2-01,429354.2,4571124.2,-67,1.15,arenas
S2-01,429354.2,4571124.2,-66,3.5,arenas
S2-01,429354.2,4571124.2,-65,3.5,arenas
S2-01,429354.2,4571124.2,-64,3.5,arenas
S2-01,429354.2,4571124.2,-63,3.5,arenas
S2-01,429354.2,4571124.2,-62,3.5,arenas
S2-01,429354.2,4571124.2,-61,3.5,arenas
S2-01,429354.2,4571124.2,-60,3.5,arenas
S2-01,429354.2,4571124.2,-59,3.5,arenas
S2-01,429354.2,4571124.2,-58,3.5,arenas
S2-01,429354.2,4571124.2,-57,3.5,arenas
S2-01,429354.2,4571124.2,-56,3.5,arenas
S2-01,429354.2,4571124.2,-55,3.5,arenas
S2-02,429351.3,4570874.3,-79,1.15,arenas
S2-02,429351.3,4570874.3,-78,1.15,arenas
S2-02,429351.3,4570874.3,-77,1.15,arenas
S2-02,429351.3,4570874.3,-76,1.15,arenas
S2-02,429351.3,4570874.3,-75,1.15,arenas
S2-02,429351.3,4570874.3,-74,1.15,arenas
S2-02,429351.3,4570874.3,-73,1.15,arenas
S2-02,429351.3,4570874.3,-72,1.15,arenas
S2-02,429351.3,4570874.3,-71,1.15,arenas
S2-02,429351.3,4570874.3,-70,1.15,arenas
S2-02,429351.3,4570874.3,-69,3.5,arenas
S2-02,429351.3,4570874.3,-68,3.5,arenas
S2-02,429351.3,4570874.3,-67,3.5,arenas
S2-02,429351.3,4570874.3,-66,3.5,arenas
S2-02,429351.3,4570874.3,-65,3.5,arenas
S2-02,429351.3,4570874.3,-64,3.5,arenas
S2-02,429351.3,4570874.3,-63,3.5,arenas
S2-02,429351.3,4570874.3,-62,3.5,arenas
S2-02,429351.3,4570874.3,-61,3.5,arenas
S2-02,429351.3,4570874.3,-60,3.5,arenas
S2-02,429351.3,4570874.3,-59,3.5,arenas
S2-03,429348.4,4570624.3,-107,1.15,arenas
S2-03,429348.4,4570624.3,-106,1.15,arenas
S2-03,429348.4,4570624.3,-105,1.15,arenas
S2-03,429348.4,4570624.3,-104,1.15,arenas
S2-03,429348.4,4570624.3,-103,1.15,arenas
S2-03,429348.4,4570624.3,-102,1.15,arenas
S2-03,429348.4,4570624.3,-101,1.15,arenas
S2-03,429348.4,4570624.3,-100,1.15,arenas
S2-03,429348.4,4570624.3,-99,1.15,arenas
S2-03,429348.4,4570624.3,-98,1.15,arenas
S2-03,429348.4,4570624.3,-97,1.15,arenas
S2-03,429348.4,4570624.3,-96,1.15,arenas
S2-03,429348.4,4570624.3,-95,1.15,arenas
S2-03,429348.4,4570624.3,-94,1.15,arenas
S2-03,429348.4,4570624.3,-82,1.15,arenas
S2-03,429348.4,4570624.3,-81,1.15,arenas
S2-03,429348.4,4570624.3,-80,1.15,arenas
S2-03,429348.4,4570624.3,-79,1.15,arenas
S2-03,429348.4,4570624.3,-78,1.15,arenas
S2-03,429348.4,4570624.3,-77,1.15,arenas
S2-03,429348.4,4570624.3,-76,1.15,arenas
S2-03,429348.4,4570624.3,-75,1.15,arenas
S2-03,429348.4,4570624.3,-74,3.5,arenas
S2-03,429348.4,4570624.3,-73,3.5,arenas
S2-03,429348.4,4570624.3,-72,3.5,arenas
S2-03,429348.4,4570624.3,-71,3.5,arenas
S2-03,429348.4,4570624.3,-70,3.5,arenas
S2-03,429348.4,4570624.3,-69,3.5,arenas
S2-03,429348.4,4570624.3,-68,3.5,arenas
S2-03,429348.4,4570624.3,-67,3.5,arenas
S2-03,429348.4,4570624.3,-66,3.5,arenas
S2-03,429348.4,4570624.3,-65,3.5,arenas
S2-03,429348.4,4570624.3,-64,3.5,arenas
S2-03,429348.4,4570624.3,-63,3.5,arenas
S2-04,429345.5,4570374.3,-110,1.15,arenas
S2-04,429345.5,4570374.3,-109,1.15,arenas
S2-04,429345.5,4570374.3,-108,1.15,arenas
S2-04,429345.5,4570374.3,-107,1.15,arenas
S2-04,429345.5,4570374.3,-106,1.15,arenas
S2-04,429345.5,4570374.3,-105,1.15,arenas
S2-04,429345.5,4570374.3,-104,1.15,arenas
S2-04,429345.5,4570374.3,-103,1.15,arenas
S2-04,429345.5,4570374.3,-102,1.15,arenas
S2-04,429345.5,4570374.3,-101,1.15,arenas
S2-04,429345.5,4570374.3,-100,1.15,arenas
S2-04,429345.5,4570374.3,-88,1.15,arenas
S2-04,429345.5,4570374.3,-87,1.15,arenas
S2-04,429345.5,4570374.3,-86,1.15,arenas
S2-04,429345.5,4570374.3,-85,1.15,arenas
S2-04,429345.5,4570374.3,-84,1.15,arenas
S2-04,429345.5,4570374.3,-83,1.15,arenas
S2-04,429345.5,4570374.3,-81,1.15,arenas
S2-04,429345.5,4570374.3,-80,1.15,arenas
S2-04,429345.5,4570374.3,-79,1.15,arenas
S2-04,429345.5,4570374.3,-78,1.15,arenas
S2-04,429345.5,4570374.3,-77,3.5,arenas
S2-04,429345.5,4570374.3,-76,3.5,arenas
S2-04,429345.5,4570374.3,-75,3.5,arenas
S2-04,429345.5,4570374.3,-74,3.5,arenas
S2-04,429345.5,4570374.3,-73,3.5,arenas
S2-04,429345.5,4570374.3,-72,3.5,arenas
S2-04,429345.5,4570374.3,-71,3.5,arenas
S2-04,429345.5,4570374.3,-70,3.5,arenas
S2-04,429345.5,4570374.3,-69,3.5,arenas
S2-04,429345.5,4570374.3,-68,3.5,arenas
S2-04,429345.5,4570374.3,-67,3.5,arenas
S2-05,429342.6,4570124.3,-115,1.15,arenas
S2-05,429342.6,4570124.3,-114,1.15,arenas
S2-05,429342.6,4570124.3,-113,1.15,arenas
S2-05,429342.6,4570124.3,-112,1.15,arenas
S2-05,429342.6,4570124.3,-111,1.15,arenas
S2-05,429342.6,4570124.3,-110,1.15,arenas
S2-05,429342.6,4570124.3,-109,1.15,arenas
S2-05,429342.6,4570124.3,-88,1.15,arenas
S2-05,429342.6,4570124.3,-87,1.15,arenas
S2-05,429342.6,4570124.3,-86,1.15,arenas
S2-05,429342.6,4570124.3,-83,1.15,arenas
S2-05,429342.6,4570124.3,-82,1.15,arenas
S2-05,429342.6,4570124.3,-81,1.15,arenas
S2-05,429342.6,4570124.3,-80,1.15,arenas
S2-05,429342.6,4570124.3,-74,3.5,arenas
S2-05,429342.6,4570124.3,-73,3.5,arenas
S2-05,429342.6,4570124.3,-72,3.5,arenas
S2-05,429342.6,4570124.3,-71,3.5,arenas
S2-05,429342.6,4570124.3,-70,3.5,arenas
S2-06,429339.8,4569874.3,-119,1.15,arenas
S2-06,429339.8,4569874.3,-118,1.15,arenas
S2-06,429339.8,4569874.3,-117,1.15,arenas
S2-06,429339.8,4569874.3,-116,1.15,arenas
S2-06,429339.8,4569874.3,-115,1.15,arenas
S2-06,429339.8,4569874.3,-114,1.15,arenas
S2-06,429339.8,4569874.3,-113,1.15,arenas
S2-06,429339.8,4569874.3,-112,1.15,arenas
S2-06,429339.8,4569874.3,-111,1.15,arenas
S2-06,429339.8,4569874.3,-110,1.15,arenas
S2-06,429339.8,4569874.3,-109,1.15,arenas
S2-06,429339.8,4569874.3,-108,1.15,arenas
S2-06,429339.8,4569874.3,-107,1.15,arenas
S2-06,429339.8,4569874.3,-106,1.15,arenas
S2-06,429339.8,4569874.3,-91,1.15,arenas
S2-06,429339.8,4569874.3,-90,1.15,arenas
S2-06,429339.8,4569874.3,-86,1.15,arenas
S2-06,429339.8,4569874.3,-85,1.15,arenas
S2-06,429339.8,4569874.3,-84,1.15,arenas
S2-06,429339.8,4569874.3,-83,1.15,arenas
S2-06,429339.8,4569874.3,-73,3.5,arenas
S2-07,429336.9,4569624.3,-122,1.15,arenas
S2-07,429336.9,4569624.3,-121,1.15,arenas
S2-07,429336.9,4569624.3,-120,1.15,arenas
S2-07,429336.9,4569624.3,-119,1.15,arenas
S2-07,429336.9,4569624.3,-118,1.15,arenas
S2-07,429336.9,4569624.3,-117,1.15,arenas
S2-07,429336.9,4569624.3,-116,1.15,arenas
S2-07,429336.9,4569624.3,-115,1.15,arenas
S2-07,429336.9,4569624.3,-114,1.15,arenas
S2-07,429336.9,4569624.3,-113,1.15,arenas
S2-07,429336.9,4569624.3,-112,1.15,arenas
S2-07,429336.9,4569624.3,-111,1.15,arenas
S2-07,429336.9,4569624.3,-110,1.15,arenas
S2-07,429336.9,4569624.3,-109,1.15,arenas
S2-07,429336.9,4569624.3,-108,1.15,arenas
S2-07,429336.9,4569624.3,-107,1.15,arenas
S2-07,429336.9,4569624.3,-106,1.15,arenas
S2-07,429336.9,4569624.3,-105,1.15,arenas
S2-07,429336.9,4569624.3,-104,1.15,arenas
S2-07,429336.9,4569624.3,-103,1.15,arenas
S2-07,429336.9,4569624.3,-92,1.15,arenas
S2-07,429336.9,4569624.3,-91,1.15,arenas
S2-07,429336.9,4569624.3,-90,1.15,arenas
S2-07,429336.9,4569624.3,-87,1.15,arenas
S2-07,429336.9,4569624.3,-86,1.15,arenas
S2-07,429336.9,4569624.3,-85,1.15,arenas
S2-07,429336.9,4569624.3,-84,1.15,arenas
S2-08,429334.0,4569374.4,-126,1.15,arenas
S2-08,429334.0,4569374.4,-125,1.15,arenas
S2-08,429334.0,4569374.4,-124,1.15,arenas
S2-08,429334.0,4569374.4,-123,1.15,arenas
S2-08,429334.0,4569374.4,-122,1.15,arenas
S2-08,429334.0,4569374.4,-121,1.15,arenas
S2-08,429334.0,4569374.4,-120,1.15,arenas
S2-08,429334.0,4569374.4,-119,1.15,arenas
S2-08,429334.0,4569374.4,-118,1.15,arenas
S2-08,429334.0,4569374.4,-117,1.15,arenas
S2-08,429334.0,4569374.4,-116,1.15,arenas
S2-08,429334.0,4569374.4,-115,1.15,arenas
S2-08,429334.0,4569374.4,-114,1.15,arenas
S2-08,429334.0,4569374.4,-113,1.15,arenas
S2-08,429334.0,4569374.4,-112,1.15,arenas
S2-08,429334.0,4569374.4,-111,1.15,arenas
S2-08,429334.0,4569374.4,-110,1.15,arenas
S2-08,429334.0,4569374.4,-109,1.15,arenas
S2-08,429334.0,4569374.4,-108,1.15,arenas
S2-08,429334.0,4569374.4,-107,1.15,arenas
S2-08,429334.0,4569374.4,-106,1.15,arenas
S2-08,429334.0,4569374.4,-92,1.15,arenas
S2-08,429334.0,4569374.4,-91,1.15,arenas
S2-08,429334.0,4569374.4,-90,1.15,arenas
S2-08,429334.0,4569374.4,-89,1.15,arenas
S2-08,429334.0,4569374.4,-88,1.15,arenas
S2-08,429334.0,4569374.4,-87,1.15,arenas
S2-08,429334.0,4569374.4,-86,1.15,arenas
S2-08,429334.0,4569374.4,-85,1.15,arenas
S2-09,429331.1,4569124.4,-129,1.15,arenas
S2-09,429331.1,4569124.4,-128,1.15,arenas
S2-09,429331.1,4569124.4,-127,1.15,arenas
S2-09,429331.1,4569124.4,-126,1.15,arenas
S2-09,429331.1,4569124.4,-125,1.15,arenas
S2-09,429331.1,4569124.4,-124,1.15,arenas
S2-09,429331.1,4569124.4,-123,1.15,arenas
S2-09,429331.1,4569124.4,-122,1.15,arenas
S2-09,429331.1,4569124.4,-121,1.15,arenas
S2-09,429331.1,4569124.4,-120,1.15,arenas
S2-09,429331.1,4569124.4,-119,1.15,arenas
S2-09,429331.1,4569124.4,-118,1.15,arenas
S2-09,429331.1,4569124.4,-117,1.15,arenas
S2-09,429331.1,4569124.4,-116,1.15,arenas
S2-09,429331.1,4569124.4,-115,1.15,arenas
S2-09,429331.1,4569124.4,-114,1.15,arenas
S2-09,429331.1,4569124.4,-113,1.15,arenas
S2-09,429331.1,4569124.4,-112,1.15,arenas
S2-09,429331.1,4569124.4,-111,1.15,arenas
S2-09,429331.1,4569124.4,-110,1.15,arenas
S2-09,429331.1,4569124.4,-93,1.15,arenas
S2-09,429331.1,4569124.4,-92,1.15,arenas
S2-09,429331.1,4569124.4,-91,1.15,arenas
S2-09,429331.1,4569124.4,-90,1.15,arenas
S2-09,429331.1,4569124.4,-89,1.15,arenas
S2-09,429331.1,4569124.4,-88,1.15,arenas
S2-09,429331.1,4569124.4,-87,1.15,arenas
S2-09,429331.1,4569124.4,-86,1.15,arenas
S2-09,429331.1,4569124.4,-85,1.15,arenas
S2-10,429328.2,4568874.4,-133,1.15,arenas
S2-10,429328.2,4568874.4,-132,1.15,arenas
S2-10,429328.2,4568874.4,-131,1.15,arenas
S2-10,429328.2,4568874.4,-130,1.15,arenas
S2-10,429328.2,4568874.4,-129,1.15,arenas
S2-10,429328.2,4568874.4,-128,1.15,arenas
S2-10,429328.2,4568874.4,-127,1.15,arenas
S2-10,429328.2,4568874.4,-126,1.15,arenas
S2-10,429328.2,4568874.4,-125,1.15,arenas
S2-10,429328.2,4568874.4,-124,1.15,arenas
S2-10,429328.2,4568874.4,-123,1.15,arenas
S2-10,429328.2,4568874.4,-122,1.15,arenas
S2-10,429328.2,4568874.4,-121,1.15,arenas
S2-10,429328.2,4568874.4,-120,1.15,arenas
S2-10,429328.2,4568874.4,-119,1.15,arenas
S2-10,429328.2,4568874.4,-118,1.15,arenas
S2-10,429328.2,4568874.4,-117,1.15,arenas
S2-10,429328.2,4568874.4,-116,1.15,arenas
S2-10,429328.2,4568874.4,-115,1.15,arenas
S2-10,429328.2,4568874.4,-114,1.15,arenas
S2-10,429328.2,4568874.4,-96,1.15,arenas
S2-10,429328.2,4568874.4,-95,1.15,arenas
S2-10,429328.2,4568874.4,-94,1.15,arenas
S2-10,429328.2,4568874.4,-91,1.15,arenas
S2-10,429328.2,4568874.4,-90,1.15,arenas
S2-10,429328.2,4568874.4,-89,1.15,arenas
S2-10,429328.2,4568874.4,-88,1.15,arenas
S2-10,429328.2,4568874.4,-87,1.15,arenas
S2-10,429328.2,4568874.4,-86,1.15,arenas
S2-10,429328.2,4568874.4,-85,1.15,arenas
S2-11,429325.4,4568624.4,-137,1.15,arenas
S2-11,429325.4,4568624.4,-136,1.15,arenas
S2-11,429325.4,4568624.4,-135,1.15,arenas
S2-11,429325.4,4568624.4,-134,1.15,arenas
S2-11,429325.4,4568624.4,-133,1.15,arenas
S2-11,429325.4,4568624.4,-132,1.15,arenas
S2-11,429325.4,4568624.4,-131,1.15,arenas
S2-11,429325.4,4568624.4,-130,1.15,arenas
S2-11,429325.4,4568624.4,-129,1.15,arenas
S2-11,429325.4,4568624.4,-128,1.15,arenas
S2-11,429325.4,4568624.4,-127,1.15,arenas
S2-11,429325.4,4568624.4,-126,1.15,arenas
S2-11,429325.4,4568624.4,-125,1.15,arenas
S2-11,429325.4,4568624.4,-124,1.15,arenas
S2-11,429325.4,4568624.4,-123,1.15,arenas
S2-11,429325.4,4568624.4,-122,1.15,arenas
S2-11,429325.4,4568624.4,-121,1.15,arenas
S2-11,429325.4,4568624.4,-120,1.15,arenas
S2-11,429325.4,4568624.4,-119,1.15,arenas
S2-11,429325.4,4568624.4,-118,1.15,arenas
S2-11,429325.4,4568624.4,-117,1.15,arenas
S2-11,429325.4,4568624.4,-98,1.15,arenas
S2-11,429325.4,4568624.4,-97,1.15,arenas
S2-11,429325.4,4568624.4,-96,1.15,arenas
S2-11,429325.4,4568624.4,-93,1.15,arenas
S2-11,429325.4,4568624.4,-92,1.15,arenas
S2-11,429325.4,4568624.4,-91,1.15,arenas
S2-11,429325.4,4568624.4,-90,1.15,arenas
S2-11,429325.4,4568624.4,-89,1.15,arenas
S2-11,429325.4,4568624.4,-88,1.15,arenas
S2-11,429325.4,4568624.4,-87,1.15,arenas
S2-12,429322.5,4568374.4,-140,1.15,arenas
S2-12,429322.5,4568374.4,-139,1.15,arenas
S2-12,429322.5,4568374.4,-138,1.15,arenas
S2-12,429322.5,4568374.4,-137,1.15,arenas
S2-12,429322.5,4568374.4,-136,1.15,arenas
S2-12,429322.5,4568374.4,-135,1.15,arenas
S2-12,429322.5,4568374.4,-134,1.15,arenas
S2-12,429322.5,4568374.4,-133,1.15,arenas
S2-12,429322.5,4568374.4,-132,1.15,arenas
S2-12,429322.5,4568374.4,-131,1.15,arenas
S2-12,429322.5,4568374.4,-130,1.15,arenas
S2-12,429322.5,4568374.4,-129,1.15,arenas
S2-12,429322.5,4568374.4,-128,1.15,arenas
S2-12,429322.5,4568374.4,-127,1.15,arenas
S2-12,429322.5,4568374.4,-126,1.15,arenas
S2-12,429322.5,4568374.4,-125,1.15,arenas
S2-12,429322.5,4568374.4,-124,1.15,arenas
S2-12,429322.5,4568374.4,-123,1.15,arenas
S2-12,429322.5,4568374.4,-122,1.15,arenas
S2-12,429322.5,4568374.4,-121,1.15,arenas
S2-12,429322.5,4568374.4,-100,1.15,arenas
S2-12,429322.5,4568374.4,-99,1.15,arenas
S2-12,429322.5,4568374.4,-98,1.15,arenas
S2-12,429322.5,4568374.4,-95,1.15,arenas
S2-12,429322.5,4568374.4,-94,1.15,arenas
S2-12,429322.5,4568374.4,-93,1.15,arenas
S2-12,429322.5,4568374.4,-92,1.15,arenas
S2-12,429322.5,4568374.4,-91,1.15,arenas
S2-12,429322.5,4568374.4,-90,1.15,arenas
S2-12,429322.5,4568374.4,-89,1.15,arenas
S2-13,429319.6,4568124.4,-144,1.15,arenas
S2-13,429319.6,4568124.4,-143,1.15,arenas
S2-13,429319.6,4568124.4,-142,1.15,arenas
S2-13,429319.6,4568124.4,-141,1.15,arenas
S2-13,429319.6,4568124.4,-140,1.15,arenas
S2-13,429319.6,4568124.4,-139,1.15,arenas
S2-13,429319.6,4568124.4,-138,1.15,arenas
S2-13,429319.6,4568124.4,-137,1.15,arenas
S2-13,429319.6,4568124.4,-136,1.15,arenas
S2-13,429319.6,4568124.4,-135,1.15,arenas
S2-13,429319.6,4568124.4,-134,1.15,arenas
S2-13,429319.6,4568124.4,-133,1.15,arenas
S2-13,429319.6,4568124.4,-132,1.15,arenas
S2-13,429319.6,4568124.4,-131,1.15,arenas
S2-13,429319.6,4568124.4,-130,1.15,arenas
S2-13,429319.6,4568124.4,-129,1.15,arenas
S2-13,429319.6,4568124.4,-128,1.15,arenas
S2-13,429319.6,4568124.4,-127,1.15,arenas
S2-13,429319.6,4568124.4,-126,1.15,arenas
S2-13,429319.6,4568124.4,-125,1.15,arenas
S2-13,429319.6,4568124.4,-124,1.15,arenas
S2-13,429319.6,4568124.4,-123,1.15,arenas
S2-13,429319.6,4568124.4,-101,1.15,arenas
S2-13,429319.6,4568124.4,-100,1.15,arenas
S2-13,429319.6,4568124.4,-99,1.15,arenas
S2-13,429319.6,4568124.4,-98,1.15,arenas
S2-13,429319.6,4568124.4,-97,1.15,arenas
S2-13,429319.6,4568124.4,-96,1.15,arenas
S2-13,429319.6,4568124.4,-95,1.15,arenas
S2-13,429319.6,4568124.4,-94,1.15,arenas
S2-13,429319.6,4568124.4,-93,1.15,arenas
S2-13,429319.6,4568124.4,-92,1.15,arenas
S2-13,429319.6,4568124.4,-91,1.15,arenas
S2-14,429316.7,4567874.5,-147,1.15,arenas
S2-14,429316.7,4567874.5,-146,1.15,arenas
S2-14,429316.7,4567874.5,-145,1.15,arenas
S2-14,429316.7,4567874.5,-144,1.15,arenas
S2-14,429316.7,4567874.5,-143,1.15,arenas
S2-14,429316.7,4567874.5,-142,1.15,arenas
S2-14,429316.7,4567874.5,-141,1.15,arenas
S2-14,429316.7,4567874.5,-140,1.15,arenas
S2-14,429316.7,4567874.5,-139,1.15,arenas
S2-14,429316.7,4567874.5,-138,1.15,arenas
S2-14,429316.7,4567874.5,-137,1.15,arenas
S2-14,429316.7,4567874.5,-136,1.15,arenas
S2-14,429316.7,4567874.5,-135,1.15,arenas
S2-14,429316.7,4567874.5,-134,1.15,arenas
S2-14,429316.7,4567874.5,-133,1.15,arenas
S2-14,429316.7,4567874.5,-132,1.15,arenas
S2-14,429316.7,4567874.5,-131,1.15,arenas
S2-14,429316.7,4567874.5,-130,1.15,arenas
S2-14,429316.7,4567874.5,-129,1.15,arenas
S2-14,429316.7,4567874.5,-128,1.15,arenas
S2-14,429316.7,4567874.5,-102,1.15,arenas
S2-14,429316.7,4567874.5,-101,1.15,arenas
S2-14,429316.7,4567874.5,-100,1.15,arenas
S2-14,429316.7,4567874.5,-99,1.15,arenas
S2-14,429316.7,4567874.5,-98,1.15,arenas
S2-14,429316.7,4567874.5,-97,1.15,arenas
S2-14,429316.7,4567874.5,-96,1.15,arenas
S2-14,429316.7,4567874.5,-95,1.15,arenas
S2-14,429316.7,4567874.5,-94,1.15,arenas
S2-14,429316.7,4567874.5,-93,1.15,arenas
S2-15,429313.8,4567624.5,-152,1.15,arenas
S2-15,429313.8,4567624.5,-151,1.15,arenas
S2-15,429313.8,4567624.5,-150,1.15,arenas
S2-15,429313.8,4567624.5,-149,1.15,arenas
S2-15,429313.8,4567624.5,-148,1.15,arenas
S2-15,429313.8,4567624.5,-147,1.15,arenas
S2-15,429313.8,4567624.5,-146,1.15,arenas
S2-15,429313.8,4567624.5,-145,1.15,arenas
S2-15,429313.8,4567624.5,-144,1.15,arenas
S2-15,429313.8,4567624.5,-143,1.15,arenas
S2-15,429313.8,4567624.5,-142,1.15,arenas
S2-15,429313.8,4567624.5,-141,1.15,arenas
S2-15,429313.8,4567624.5,-140,1.15,arenas
S2-15,429313.8,4567624.5,-139,1.15,arenas
S2-15,429313.8,4567624.5,-138,1.15,arenas
S2-15,429313.8,4567624.5,-137,1.15,arenas
S2-15,429313.8,4567624.5,-136,1.15,arenas
S2-15,429313.8,4567624.5,-135,1.15,arenas
S2-15,429313.8,4567624.5,-134,1.15,arenas
S2-15,429313.8,4567624.5,-133,1.15,arenas
S2-15,429313.8,4567624.5,-103,1.15,arenas
S2-15,429313.8,4567624.5,-100,1.15,arenas
S2-15,429313.8,4567624.5,-99,1.15,arenas
S2-15,429313.8,4567624.5,-98,1.15,arenas
S2-15,429313.8,4567624.5,-97,1.15,arenas
S2-15,429313.8,4567624.5,-96,1.15,arenas
S2-15,429313.8,4567624.5,-95,1.15,arenas
S2-16,429311.0,4567374.5,-156,1.15,arenas
S2-16,429311.0,4567374.5,-155,1.15,arenas
S2-16,429311.0,4567374.5,-154,1.15,arenas
S2-16,429311.0,4567374.5,-153,1.15,arenas
S2-16,429311.0,4567374.5,-152,1.15,arenas
S2-16,429311.0,4567374.5,-151,1.15,arenas
S2-16,429311.0,4567374.5,-150,1.15,arenas
S2-16,429311.0,4567374.5,-149,1.15,arenas
S2-16,429311.0,4567374.5,-148,1.15,arenas
S2-16,429311.0,4567374.5,-147,1.15,arenas
S2-16,429311.0,4567374.5,-146,1.15,arenas
S2-16,429311.0,4567374.5,-145,1.15,arenas
S2-16,429311.0,4567374.5,-144,1.15,arenas
S2-16,429311.0,4567374.5,-143,1.15,arenas
S2-16,429311.0,4567374.5,-142,1.15,arenas
S2-16,429311.0,4567374.5,-141,1.15,arenas
S2-16,429311.0,4567374.5,-140,1.15,arenas
S2-16,429311.0,4567374.5,-139,1.15,arenas
S2-16,429311.0,4567374.5,-138,1.15,arenas
S2-16,429311.0,4567374.5,-137,1.15,arenas
S2-16,429311.0,4567374.5,-105,1.15,arenas
S2-16,429311.0,4567374.5,-104,1.15,arenas
S2-16,429311.0,4567374.5,-100,1.15,arenas
S2-16,429311.0,4567374.5,-99,1.15,arenas
S2-16,429311.0,4567374.5,-98,1.15,arenas
S2-16,429311.0,4567374.5,-97,1.15,arenas
S2-16,429311.0,4567374.5,-96,1.15,arenas
S2-17,429308.1,4567124.5,-161,1.15,arenas
S2-17,429308.1,4567124.5,-160,1.15,arenas
S2-17,429308.1,4567124.5,-159,1.15,arenas
S2-17,429308.1,4567124.5,-158,1.15,arenas
S2-17,429308.1,4567124.5,-157,1.15,arenas
S2-17,429308.1,4567124.5,-156,1.15,arenas
S2-17,429308.1,4567124.5,-155,1.15,arenas
S2-17,429308.1,4567124.5,-154,1.15,arenas
S2-17,429308.1,4567124.5,-153,1.15,arenas
S2-17,429308.1,4567124.5,-152,1.15,arenas
S2-17,429308.1,4567124.5,-151,1.15,arenas
S2-17,429308.1,4567124.5,-150,1.15,arenas
S2-17,429308.1,4567124.5,-149,1.15,arenas
S2-17,429308.1,4567124.5,-148,1.15,arenas
S2-17,429308.1,4567124.5,-147,1.15,arenas
S2-17,429308.1,4567124.5,-146,1.15,arenas
S2-17,429308.1,4567124.5,-145,1.15,arenas
S2-17,429308.1,4567124.5,-144,1.15,arenas
S2-17,429308.1,4567124.5,-143,1.15,arenas
S2-17,429308.1,4567124.5,-142,1.15,arenas
S2-17,429308.1,4567124.5,-141,1.15,arenas
S2-17,429308.1,4567124.5,-106,1.15,arenas
S2-17,429308.1,4567124.5,-105,1.15,arenas
S2-17,429308.1,4567124.5,-100,1.15,arenas
S2-17,429308.1,4567124.5,-99,1.15,arenas
S2-17,429308.1,4567124.5,-98,1.15,arenas
S2-17,429308.1,4567124.5,-97,1.15,arenas
S2-18,429305.2,4566874.5,-165,1.15,arenas
S2-18,429305.2,4566874.5,-164,1.15,arenas
S2-18,429305.2,4566874.5,-163,1.15,arenas
S2-18,429305.2,4566874.5,-162,1.15,arenas
S2-18,429305.2,4566874.5,-161,1.15,arenas
S2-18,429305.2,4566874.5,-160,1.15,arenas
S2-18,429305.2,4566874.5,-159,1.15,arenas
S2-18,429305.2,4566874.5,-158,1.15,arenas
S2-18,429305.2,4566874.5,-157,1.15,arenas
S2-18,429305.2,4566874.5,-156,1.15,arenas
S2-18,429305.2,4566874.5,-155,1.15,arenas
S2-18,429305.2,4566874.5,-154,1.15,arenas
S2-18,429305.2,4566874.5,-153,1.15,arenas
S2-18,429305.2,4566874.5,-152,1.15,arenas
S2-18,429305.2,4566874.5,-151,1.15,arenas
S2-18,429305.2,4566874.5,-150,1.15,arenas
S2-18,429305.2,4566874.5,-149,1.15,arenas
S2-18,429305.2,4566874.5,-148,1.15,arenas
S2-18,429305.2,4566874.5,-147,1.15,arenas
S2-18,429305.2,4566874.5,-146,1.15,arenas
S2-18,429305.2,4566874.5,-145,1.15,arenas
S2-18,429305.2,4566874.5,-107,1.15,arenas
S2-18,429305.2,4566874.5,-106,1.15,arenas
S2-18,429305.2,4566874.5,-100,1.15,arenas
S2-18,429305.2,4566874.5,-99,1.15,arenas
S2-18,429305.2,4566874.5,-98,1.15,arenas
S2-19,429302.3,4566624.5,-169,1.15,arenas
S2-19,429302.3,4566624.5,-168,1.15,arenas
S2-19,429302.3,4566624.5,-167,1.15,arenas
S2-19,429302.3,4566624.5,-166,1.15,arenas
S2-19,429302.3,4566624.5,-165,1.15,arenas
S2-19,429302.3,4566624.5,-164,1.15,arenas
S2-19,429302.3,4566624.5,-163,1.15,arenas
S2-19,429302.3,4566624.5,-162,1.15,arenas
S2-19,429302.3,4566624.5,-161,1.15,arenas
S2-19,429302.3,4566624.5,-160,1.15,arenas
S2-19,429302.3,4566624.5,-159,1.15,arenas
S2-19,429302.3,4566624.5,-158,1.15,arenas
S2-19,429302.3,4566624.5,-157,1.15,arenas
S2-19,429302.3,4566624.5,-156,1.15,arenas
S2-19,429302.3,4566624.5,-155,1.15,arenas
S2-19,429302.3,4566624.5,-154,1.15,arenas
S2-19,429302.3,4566624.5,-153,1.15,arenas
S2-19,429302.3,4566624.5,-152,1.15,arenas
S2-19,429302.3,4566624.5,-151,1.15,arenas
S2-19,429302.3,4566624.5,-108,1.15,arenas
S2-19,429302.3,4566624.5,-107,1.15,arenas
S2-19,429302.3,4566624.5,-100,1.15,arenas
S2-19,429302.3,4566624.5,-99,1.15,arenas
S2-20,429299.4,4566374.6,-172,1.15,arenas
S2-20,429299.4,4566374.6,-171,1.15,arenas
S2-20,429299.4,4566374.6,-170,1.15,arenas
S2-20,429299.4,4566374.6,-169,1.15,arenas
S2-20,429299.4,4566374.6,-168,1.15,arenas
S2-20,429299.4,4566374.6,-167,1.15,arenas
S2-20,429299.4,4566374.6,-166,1.15,arenas
S2-20,429299.4,4566374.6,-165,1.15,arenas
S2-20,429299.4,4566374.6,-164,1.15,arenas
S2-20,429299.4,4566374.6,-163,1.15,arenas
S2-20,429299.4,4566374.6,-162,1.15,arenas
S2-20,429299.4,4566374.6,-161,1.15,arenas
S2-20,429299.4,4566374.6,-160,1.15,arenas
S2-20,429299.4,4566374.6,-159,1.15,arenas
S2-20,429299.4,4566374.6,-158,1.15,arenas
S2-20,429299.4,4566374.6,-157,1.15,arenas
S2-20,429299.4,4566374.6,-156,1.15,arenas
S2-20,429299.4,4566374.6,-110,1.15,arenas
S2-20,429299.4,4566374.6,-109,1.15,arenas
S2-20,429299.4,4566374.6,-108,1.15,arenas
S2-20,429299.4,4566374.6,-107,1.15,arenas
S2-20,429299.4,4566374.6,-100,1.15,arenas
S2-21,429296.6,4566124.6,-173,1.15,arenas
S2-21,429296.6,4566124.6,-172,1.15,arenas
S2-21,429296.6,4566124.6,-171,1.15,arenas
S2-21,429296.6,4566124.6,-170,1.15,arenas
S2-21,429296.6,4566124.6,-169,1.15,arenas
S2-21,429296.6,4566124.6,-168,1.15,arenas
S2-21,429296.6,4566124.6,-167,1.15,arenas
S2-21,429296.6,4566124.6,-166,1.15,arenas
S2-21,429296.6,4566124.6,-165,1.15,arenas
S2-21,429296.6,4566124.6,-164,1.15,arenas
S2-21,429296.6,4566124.6,-163,1.15,arenas
S2-21,429296.6,4566124.6,-162,1.15,arenas
S2-21,429296.6,4566124.6,-111,1.15,arenas
S2-21,429296.6,4566124.6,-110,1.15,arenas
S2-21,429296.6,4566124.6,-109,1.15,arenas
S2-22,429293.7,4565874.6,-175,1.15,arenas
S2-22,429293.7,4565874.6,-174,1.15,arenas
S2-22,429293.7,4565874.6,-173,1.15,arenas
S2-22,429293.7,4565874.6,-172,1.15,arenas
S2-22,429293.7,4565874.6,-171,1.15,arenas
S2-22,429293.7,4565874.6,-170,1.15,arenas
S2-22,429293.7,4565874.6,-169,1.15,arenas
S2-22,429293.7,4565874.6,-168,1.15,arenas
S2-22,429293.7,4565874.6,-167,1.15,arenas
S2-22,429293.7,4565874.6,-166,1.15,arenas
S2-22,429293.7,4565874.6,-113,1.15,arenas
S2-22,429293.7,4565874.6,-112,1.15,arenas
S2-22,429293.7,4565874.6,-111,1.15,arenas
S2-22,429293.7,4565874.6,-110,1.15,arenas
S2-23,429290.8,4565624.6,-177,1.15,arenas
S2-23,429290.8,4565624.6,-176,1.15,arenas
S2-23,429290.8,4565624.6,-175,1.15,arenas
S2-23,429290.8,4565624.6,-174,1.15,arenas
S2-23,429290.8,4565624.6,-173,1.15,arenas
S2-23,429290.8,4565624.6,-114,1.15,arenas
S2-23,429290.8,4565624.6,-113,1.15,arenas
S2-23,429290.8,4565624.6,-112,1.15,arenas
S2-24,429287.9,4565374.6,-115,1.15,arenas
S2-24,429287.9,4565374.6,-114,1.15,arenas
S2-24,429287.9,4565374.6,-113,1.15,arenas
S2-25,429285.0,4565124.6,-116,1.15,arenas
S2-25,429285.0,4565124.6,-115,1.15,arenas
S2-26,429282.2,4564874.7,-119,1.15,arenas
S2-26,429282.2,4564874.7,-118,1.15,arenas
S2-26,429282.2,4564874.7,-117,1.15,arenas
S2-27,429279.3,4564624.7,-126,1.15,arenas
S2-27,429279.3,4564624.7,-125,1.15,arenas
S2-27,429279.3,4564624.7,-124,1.15,arenas
S2-27,429279.3,4564624.7,-123,1.15,arenas
S2-27,429279.3,4564624.7,-122,1.15,arenas
S2-27,429279.3,4564624.7,-121,1.15,arenas
S2-28,429276.4,4564374.7,-152,1.15,arenas
S2-28,429276.4,4564374.7,-151,1.15,arenas
S2-28,429276.4,4564374.7,-150,1.15,arenas
S2-28,429276.4,4564374.7,-149,1.15,arenas
S2-28,429276.4,4564374.7,-148,1.15,arenas
S2-28,429276.4,4564374.7,-129,1.15,arenas
S2-28,429276.4,4564374.7,-128,1.15,arenas
S2-28,429276.4,4564374.7,-127,1.15,arenas
S2-28,429276.4,4564374.7,-126,1.15,arenas
S2-28,429276.4,4564374.7,-125,1.15,arenas
S2-28,429276.4,4564374.7,-124,1.15,arenas
S2-29,429273.5,4564124.7,-159,1.15,arenas
S2-29,429273.5,4564124.7,-158,1.15,arenas
S2-29,429273.5,4564124.7,-157,1.15,arenas
S2-29,429273.5,4564124.7,-156,1.15,arenas
S2-29,429273.5,4564124.7,-155,1.15,arenas
S2-29,429273.5,4564124.7,-154,1.15,arenas
S2-29,429273.5,4564124.7,-153,1.15,arenas
S2-29,429273.5,4564124.7,-152,1.15,arenas
S2-29,429273.5,4564124.7,-151,1.15,arenas
S2-29,429273.5,4564124.7,-150,1.15,arenas
S2-29,429273.5,4564124.7,-149,1.15,arenas
S2-29,429273.5,4564124.7,-130,1.15,arenas
S2-29,429273.5,4564124.7,-129,1.15,arenas
S2-29,429273.5,4564124.7,-128,1.15,arenas
S2-29,429273.5,4564124.7,-127,1.15,arenas
S2-29,429273.5,4564124.7,-126,1.15,arenas
S2-30,429270.7,4563874.7,-164,1.15,arenas
S2-30,429270.7,4563874.7,-163,1.15,arenas
S2-30,429270.7,4563874.7,-162,1.15,arenas
S2-30,429270.7,4563874.7,-161,1.15,arenas
S2-30,429270.7,4563874.7,-160,1.15,arenas
S2-30,429270.7,4563874.7,-159,1.15,arenas
S2-30,429270.7,4563874.7,-158,1.15,arenas
S2-30,429270.7,4563874.7,-157,1.15,arenas
S2-30,429270.7,4563874.7,-156,1.15,arenas
S2-30,429270.7,4563874.7,-155,1.15,arenas
S2-30,429270.7,4563874.7,-154,1.15,arenas
S2-30,429270.7,4563874.7,-153,1.15,arenas
S2-30,429270.7,4563874.7,-152,1.15,arenas
S2-30,429270.7,4563874.7,-151,1.15,arenas
S2-30,429270.7,4563874.7,-132,1.15,arenas
S2-30,429270.7,4563874.7,-131,1.15,arenas
S2-30,429270.7,4563874.7,-130,1.15,arenas
S2-30,429270.7,4563874.7,-129,1.15,arenas
S2-30,429270.7,4563874.7,-128,1.15,arenas
S2-30,429270.7,4563874.7,-127,1.15,arenas
S2-30,429270.7,4563874.7,-126,1.15,arenas
S2-31,429267.8,4563624.7,-169,1.15,arenas
S2-31,429267.8,4563624.7,-168,1.15,arenas
S2-31,429267.8,4563624.7,-167,1.15,arenas
S2-31,429267.8,4563624.7,-166,1.15,arenas
S2-31,429267.8,4563624.7,-165,1.15,arenas
S2-31,429267.8,4563624.7,-164,1.15,arenas
S2-31,429267.8,4563624.7,-163,1.15,arenas
S2-31,429267.8,4563624.7,-162,1.15,arenas
S2-31,429267.8,4563624.7,-161,1.15,arenas
S2-31,429267.8,4563624.7,-160,1.15,arenas
S2-31,429267.8,4563624.7,-159,1.15,arenas
S2-31,429267.8,4563624.7,-158,1.15,arenas
S2-31,429267.8,4563624.7,-157,1.15,arenas
S2-31,429267.8,4563624.7,-156,1.15,arenas
S2-31,429267.8,4563624.7,-136,1.15,arenas
S2-31,429267.8,4563624.7,-135,1.15,arenas
S2-31,429267.8,4563624.7,-134,1.15,arenas
S2-31,429267.8,4563624.7,-133,1.15,arenas
S2-31,429267.8,4563624.7,-132,1.15,arenas
S2-31,429267.8,4563624.7,-131,1.15,arenas
S2-31,429267.8,4563624.7,-130,1.15,arenas
S2-31,429267.8,4563624.7,-129,1.15,arenas
S2-32,429264.9,4563374.8,-175,1.15,arenas
S2-32,429264.9,4563374.8,-174,1.15,arenas
S2-32,429264.9,4563374.8,-173,1.15,arenas
S2-32,429264.9,4563374.8,-172,1.15,arenas
S2-32,429264.9,4563374.8,-171,1.15,arenas
S2-32,429264.9,4563374.8,-170,1.15,arenas
S2-32,429264.9,4563374.8,-169,1.15,arenas
S2-32,429264.9,4563374.8,-168,1.15,arenas
S2-32,429264.9,4563374.8,-167,1.15,arenas
S2-32,429264.9,4563374.8,-166,1.15,arenas
S2-32,429264.9,4563374.8,-165,1.15,arenas
S2-32,429264.9,4563374.8,-164,1.15,arenas
S2-32,429264.9,4563374.8,-163,1.15,arenas
S2-32,429264.9,4563374.8,-162,1.15,arenas
S2-32,429264.9,4563374.8,-161,1.15,arenas
S2-32,429264.9,4563374.8,-139,1.15,arenas
S2-32,429264.9,4563374.8,-138,1.15,arenas
S2-32,429264.9,4563374.8,-137,1.15,arenas
S2-32,429264.9,4563374.8,-136,1.15,arenas
S2-33,429262.0,4563124.8,-183,1.15,arenas
S2-33,429262.0,4563124.8,-182,1.15,arenas
S2-33,429262.0,4563124.8,-181,1.15,arenas
S2-33,429262.0,4563124.8,-180,1.15,arenas
S2-33,429262.0,4563124.8,-179,1.15,arenas
S2-33,429262.0,4563124.8,-178,1.15,arenas
S2-33,429262.0,4563124.8,-177,1.15,arenas
S2-33,429262.0,4563124.8,-176,1.15,arenas
S2-33,429262.0,4563124.8,-175,1.15,arenas
S2-33,429262.0,4563124.8,-174,1.15,arenas
S2-33,429262.0,4563124.8,-173,1.15,arenas
S2-33,429262.0,4563124.8,-172,1.15,arenas
S2-33,429262.0,4563124.8,-171,1.15,arenas
S2-33,429262.0,4563124.8,-170,1.15,arenas
S2-33,429262.0,4563124.8,-169,1.15,arenas
S2-33,429262.0,4563124.8,-168,1.15,arenas
S2-33,429262.0,4563124.8,-167,1.15,arenas
S2-33,429262.0,4563124.8,-166,1.15,arenas
S2-33,429262.0,4563124.8,-143,1.15,arenas
S2-33,429262.0,4563124.8,-142,1.15,arenas
S2-33,429262.0,4563124.8,-141,1.15,arenas
S2-33,429262.0,4563124.8,-112,1.15,arenas
S2-34,429259.1,4562874.8,-190,1.15,arenas
S2-34,429259.1,4562874.8,-189,1.15,arenas
S2-34,429259.1,4562874.8,-188,1.15,arenas
S2-34,429259.1,4562874.8,-187,1.15,arenas
S2-34,429259.1,4562874.8,-186,1.15,arenas
S2-34,429259.1,4562874.8,-185,1.15,arenas
S2-34,429259.1,4562874.8,-184,1.15,arenas
S2-34,429259.1,4562874.8,-183,1.15,arenas
S2-34,429259.1,4562874.8,-182,1.15,arenas
S2-34,429259.1,4562874.8,-181,1.15,arenas
S2-34,429259.1,4562874.8,-180,1.15,arenas
S2-34,429259.1,4562874.8,-179,1.15,arenas
S2-34,429259.1,4562874.8,-178,1.15,arenas
S2-34,429259.1,4562874.8,-177,1.15,arenas
S2-34,429259.1,4562874.8,-176,1.15,arenas
S2-34,429259.1,4562874.8,-175,1.15,arenas
S2-34,429259.1,4562874.8,-174,1.15,arenas
S2-34,429259.1,4562874.8,-173,1.15,arenas
S2-34,429259.1,4562874.8,-147,1.15,arenas
S2-34,429259.1,4562874.8,-146,1.15,arenas
S2-34,429259.1,4562874.8,-145,1.15,arenas
S2-34,429259.1,4562874.8,-121,1.15,arenas
S2-34,429259.1,4562874.8,-120,1.15,arenas
S2-34,429259.1,4562874.8,-119,1.15,arenas
S2-34,429259.1,4562874.8,-118,1.15,arenas
S2-34,429259.1,4562874.8,-117,1.15,arenas
S2-34,429259.1,4562874.8,-116,1.15,arenas
S2-34,429259.1,4562874.8,-115,1.15,arenas
S2-34,429259.1,4562874.8,-114,1.15,arenas
S2-35,429234.2,4562625.1,-195,1.15,arenas
S2-35,429234.2,4562625.1,-194,1.15,arenas
S2-35,429234.2,4562625.1,-193,1.15,arenas
S2-35,429234.2,4562625.1,-192,1.15,arenas
S2-35,429234.2,4562625.1,-191,1.15,arenas
S2-35,429234.2,4562625.1,-190,1.15,arenas
S2-35,429234.2,4562625.1,-189,1.15,arenas
S2-35,429234.2,4562625.1,-188,1.15,arenas
S2-35,429234.2,4562625.1,-187,1.15,arenas
S2-35,429234.2,4562625.1,-186,1.15,arenas
S2-35,429234.2,4562625.1,-185,1.15,arenas
S2-35,429234.2,4562625.1,-184,1.15,arenas
S2-35,429234.2,4562625.1,-183,1.15,arenas
S2-35,429234.2,4562625.1,-182,1.15,arenas
S2-35,429234.2,4562625.1,-181,1.15,arenas
S2-35,429234.2,4562625.1,-180,1.15,arenas
S2-35,429234.2,4562625.1,-179,1.15,arenas
S2-35,429234.2,4562625.1,-178,1.15,arenas
S2-35,429234.2,4562625.1,-177,1.15,arenas
S2-35,429234.2,4562625.1,-150,1.15,arenas
S2-35,429234.2,4562625.1,-149,1.15,arenas
S2-35,429234.2,4562625.1,-148,1.15,arenas
S2-35,429234.2,4562625.1,-125,1.15,arenas
S2-35,429234.2,4562625.1,-124,1.15,arenas
S2-35,429234.2,4562625.1,-123,1.15,arenas
S2-35,429234.2,4562625.1,-122,1.15,arenas
S2-35,429234.2,4562625.1,-121,1.15,arenas
S2-35,429234.2,4562625.1,-120,1.15,arenas
S2-35,429234.2,4562625.1,-119,1.15,arenas
S2-35,429234.2,4562625.1,-118,1.15,arenas
S2-35,429234.2,4562625.1,-117,1.15,arenas
S2-35,429234.2,4562625.1,-116,1.15,arenas
S2-35,429234.2,4562625.1,-115,1.15,arenas
S2-36,429253.4,4562374.8,-198,1.15,arenas
S2-36,429253.4,4562374.8,-197,1.15,arenas
S2-36,429253.4,4562374.8,-196,1.15,arenas
S2-36,429253.4,4562374.8,-195,1.15,arenas
S2-36,429253.4,4562374.8,-194,1.15,arenas
S2-36,429253.4,4562374.8,-193,1.15,arenas
S2-36,429253.4,4562374.8,-192,1.15,arenas
S2-36,429253.4,4562374.8,-191,1.15,arenas
S2-36,429253.4,4562374.8,-190,1.15,arenas
S2-36,429253.4,4562374.8,-189,1.15,arenas
S2-36,429253.4,4562374.8,-188,1.15,arenas
S2-36,429253.4,4562374.8,-187,1.15,arenas
S2-36,429253.4,4562374.8,-186,1.15,arenas
S2-36,429253.4,4562374.8,-185,1.15,arenas
S2-36,429253.4,4562374.8,-184,1.15,arenas
S2-36,429253.4,4562374.8,-183,1.15,arenas
S2-36,429253.4,4562374.8,-182,1.15,arenas
S2-36,429253.4,4562374.8,-128,1.15,arenas
S2-36,429253.4,4562374.8,-127,1.15,arenas
S2-36,429253.4,4562374.8,-126,1.15,arenas
S2-36,429253.4,4562374.8,-125,1.15,arenas
S2-36,429253.4,4562374.8,-124,1.15,arenas
S2-36,429253.4,4562374.8,-123,1.15,arenas
S2-36,429253.4,4562374.8,-122,1.15,arenas
S2-36,429253.4,4562374.8,-121,1.15,arenas
S2-36,429253.4,4562374.8,-120,1.15,arenas
S2-36,429253.4,4562374.8,-119,1.15,arenas
S2-36,429253.4,4562374.8,-118,1.15,arenas
S2-36,429253.4,4562374.8,-117,1.15,arenas
S2-37,429250.5,4562124.8,-206,1.15,arenas
S2-37,429250.5,4562124.8,-205,1.15,arenas
S2-37,429250.5,4562124.8,-204,1.15,arenas
S2-37,429250.5,4562124.8,-203,1.15,arenas
S2-37,429250.5,4562124.8,-202,1.15,arenas
S2-37,429250.5,4562124.8,-201,1.15,arenas
S2-37,429250.5,4562124.8,-200,1.15,arenas
S2-37,429250.5,4562124.8,-199,1.15,arenas
S2-37,429250.5,4562124.8,-198,1.15,arenas
S2-37,429250.5,4562124.8,-197,1.15,arenas
S2-37,429250.5,4562124.8,-196,1.15,arenas
S2-37,429250.5,4562124.8,-195,1.15,arenas
S2-37,429250.5,4562124.8,-194,1.15,arenas
S2-37,429250.5,4562124.8,-193,1.15,arenas
S2-37,429250.5,4562124.8,-123,1.15,arenas
S2-37,429250.5,4562124.8,-122,1.15,arenas
S2-37,429250.5,4562124.8,-121,1.15,arenas
S2-37,429250.5,4562124.8,-120,1.15,arenas
S2-37,429250.5,4562124.8,-119,1.15,arenas
S2-38,429247.6,4561874.9,-126,1.15,arenas
S2-38,429247.6,4561874.9,-125,1.15,arenas
S2-38,429247.6,4561874.9,-124,1.15,arenas
S2-38,429247.6,4561874.9,-123,1.15,arenas
S2-38,429247.6,4561874.9,-122,1.15,arenas
S2-38,429247.6,4561874.9,-121,1.15,arenas
S2-39,429244.7,4561624.9,-125,1.15,arenas
S2-39,429244.7,4561624.9,-124,1.15,arenas
S2-40,429241.8,4561374.9,-133,1.15,arenas
S2-40,429241.8,4561374.9,-132,1.15,arenas
S2-40,429241.8,4561374.9,-131,1.15,arenas
S2-40,429241.8,4561374.9,-130,1.15,arenas
S2-40,429241.8,4561374.9,-129,1.15,arenas
S2-40,429241.8,4561374.9,-128,1.15,arenas
S2-41,429239.0,4561124.9,-144,1.15,arenas
S2-41,429239.0,4561124.9,-143,1.15,arenas
S2-41,429239.0,4561124.9,-142,1.15,arenas
S2-41,429239.0,4561124.9,-141,1.15,arenas
S2-41,429239.0,4561124.9,-140,1.15,arenas
S2-41,429239.0,4561124.9,-139,1.15,arenas
S2-41,429239.0,4561124.9,-138,1.15,arenas
S2-41,429239.0,4561124.9,-137,1.15,arenas
S2-41,429239.0,4561124.9,-136,1.15,arenas
S2-41,429239.0,4561124.9,-135,1.15,arenas
S2-41,429239.0,4561124.9,-134,1.15,arenas
S2-42,429236.1,4560874.9,-156,1.15,arenas
S2-42,429236.1,4560874.9,-155,1.15,arenas
S2-42,429236.1,4560874.9,-154,1.15,arenas
S2-42,429236.1,4560874.9,-153,1.15,arenas
S2-42,429236.1,4560874.9,-152,1.15,arenas
S2-42,429236.1,4560874.9,-151,1.15,arenas
S2-42,429236.1,4560874.9,-150,1.15,arenas
S2-42,429236.1,4560874.9,-149,1.15,arenas
S2-42,429236.1,4560874.9,-148,1.15,arenas
S2-42,429236.1,4560874.9,-147,1.15,arenas
S2-42,429236.1,4560874.9,-146,1.15,arenas
S2-43,429233.2,4560624.9,-165,1.15,arenas
S2-43,429233.2,4560624.9,-164,1.15,arenas
S2-43,429233.2,4560624.9,-163,1.15,arenas
S2-43,429233.2,4560624.9,-162,1.15,arenas
S2-43,429233.2,4560624.9,-161,1.15,arenas
S2-43,429233.2,4560624.9,-160,1.15,arenas
S2-43,429233.2,4560624.9,-159,1.15,arenas
S2-43,429233.2,4560624.9,-158,1.15,arenas
S2-43,429233.2,4560624.9,-157,1.15,arenas
S2-43,429233.2,4560624.9,-156,1.15,arenas
S2-43,429233.2,4560624.9,-155,1.15,arenas
S2-43,429233.2,4560624.9,-154,1.15,arenas
S2-43,429233.2,4560624.9,-153,1.15,arenas
S2-43,429233.2,4560624.9,-152,1.15,arenas
S2-43,429233.2,4560624.9,-151,1.15,arenas
S2-43,429233.2,4560624.9,-150,1.15,arenas
I1-09,422106.6,4563063.8,-85,1.15,arenas
I1-10,423237.7,4563718.8,-85,1.15,arenas
I1-11,424230.4,4564591.3,-83,1.15,arenas
I1-26,433377.7,4572023.8,-90,3.5,arenas
I1-27,433984.0,4572536.3,-89,3.5,arenas
I1-28,434564.2,4573026.8,-86,3.5,arenas
I1-29,435269.3,4573657.1,-85,3.5,arenas
I1-30,435859.8,4574204.0,-86,3.5,arenas
I1-31,436209.0,4574832.1,-85,3.5,arenas
I1-32,436319.8,4575433.5,-82,3.5,arenas
I1-33,436313.0,4576047.1,-78,3.5,arenas
I1-34,436079.2,4576568.7,-73,3.5,arenas
I1-35,435918.9,4577158.4,-70,3.5,arenas
I1-36,436552.8,4577984.3,-70,3.5,arenas
I1-37,437286.6,4578504.7,-69,3.5,arenas
PD-01,421575.8,4568927.1,-65,1.15,arenas
PD-01,421575.8,4568927.1,-64,1.15,arenas
PD-01,421575.8,4568927.1,-63,1.15,arenas
PD-01,421575.8,4568927.1,-62,1.15,arenas
PD-01,421575.8,4568927.1,-61,1.15,arenas
PD-01,421575.8,4568927.1,-60,1.15,arenas
PD-01,421575.8,4568927.1,-59,1.15,arenas
PD-01,421575.8,4568927.1,-58,1.15,arenas
PD-01,421575.8,4568927.1,-57,1.15,arenas
PD-01,421575.8,4568927.1,-56,1.15,arenas
PD-01,421575.8,4568927.1,-55,1.15,arenas
PD-02,421828.5,4568135.3,-65,1.15,arenas
PD-02,421828.5,4568135.3,-64,1.15,arenas
PD-02,421828.5,4568135.3,-63,1.15,arenas
PD-02,421828.5,4568135.3,-62,1.15,arenas
PD-02,421828.5,4568135.3,-61,1.15,arenas
PD-02,421828.5,4568135.3,-60,1.15,arenas
PD-02,421828.5,4568135.3,-59,1.15,arenas
PD-02,421828.5,4568135.3,-58,1.15,arenas
PD-02,421828.5,4568135.3,-57,1.15,arenas
PD-02,421828.5,4568135.3,-56,1.15,arenas
PD-03,422321.5,4566590.9,-70,1.15,arenas
PD-03,422321.5,4566590.9,-69,1.15,arenas
PD-03,422321.5,4566590.9,-68,1.15,arenas
PD-03,422321.5,4566590.9,-67,1.15,arenas
PD-04,422435.9,4566232.7,-72,1.15,arenas
PE-01,424113.3,4569862.7,-61,3.5,arenas
PE-01,424113.3,4569862.7,-60,3.5,arenas
PE-01,424113.3,4569862.7,-59,3.5,arenas
PE-02,424664.8,4569143.5,-66,3.5,arenas
PE-02,424664.8,4569143.5,-65,3.5,arenas
PF-01,426053.9,4570363.2,-66,3.5,arenas
PF-01,426053.9,4570363.2,-65,3.5,arenas
PF-01,426053.9,4570363.2,-64,3.5,arenas
PF-02,426601.3,4569763.2,-73,3.5,arenas
PF-02,426601.3,4569763.2,-72,3.5,arenas
PF-02,426601.3,4569763.2,-71,3.5,arenas
PF-02,426601.3,4569763.2,-70,3.5,arenas
PF-03,427699.5,4568559.9,-83,3.5,arenas
PF-03,427699.5,4568559.9,-82,3.5,arenas
PF-03,427699.5,4568559.9,-81,3.5,arenas
PF-04,427935.6,4568301.1,-78,3.5,arenas
PG-01,427271.3,4571011.2,-64,3.5,arenas
PG-01,427271.3,4571011.2,-63,3.5,arenas
PG-01,427271.3,4571011.2,-62,3.5,arenas
PG-01,427271.3,4571011.2,-61,3.5,arenas
PG-01,427271.3,4571011.2,-60,3.5,arenas
PG-02,427965.4,4570422.7,-74,3.5,arenas
PG-02,427965.4,4570422.7,-73,3.5,arenas
PG-02,427965.4,4570422.7,-72,3.5,arenas
PG-02,427965.4,4570422.7,-71,3.5,arenas
PG-03,428476.7,4570007.1,-80,3.5,arenas
PH-01,430006.7,4572171.1,-74,3.5,arenas
PH-01,430006.7,4572171.1,-73,3.5,arenas
PH-01,430006.7,4572171.1,-72,3.5,arenas
PH-01,430006.7,4572171.1,-71,3.5,arenas
PH-01,430006.7,4572171.1,-70,3.5,arenas
PH-01,430006.7,4572171.1,-69,3.5,arenas
PH-01,430006.7,4572171.1,-68,3.5,arenas
PH-01,430006.7,4572171.1,-67,3.5,arenas
PH-01,430006.7,4572171.1,-66,3.5,arenas
PH-01,430006.7,4572171.1,-65,3.5,arenas
PH-02,430842.2,4571720.4,-88,3.5,arenas
PH-02,430842.2,4571720.4,-87,3.5,arenas
PH-02,430842.2,4571720.4,-86,3.5,arenas
PH-02,430842.2,4571720.4,-85,3.5,arenas
PH-02,430842.2,4571720.4,-84,3.5,arenas
PH-02,430842.2,4571720.4,-83,3.5,arenas
PH-02,430842.2,4571720.4,-82,3.5,arenas
PH-02,430842.2,4571720.4,-81,3.5,arenas
PH-03,431654.8,4571282.0,-95,3.5,arenas
PH-03,431654.8,4571282.0,-94,3.5,arenas
PH-03,431654.8,4571282.0,-93,3.5,arenas
PH-03,431654.8,4571282.0,-92,3.5,arenas
PH-03,431654.8,4571282.0,-91,3.5,arenas
PH-04,432151.2,4571014.2,-95,3.5,arenas
PI-01,431079.6,4574090.2,-69,3.5,arenas
PI-01,431079.6,4574090.2,-68,3.5,arenas
PI-01,431079.6,4574090.2,-67,3.5,arenas
PI-01,431079.6,4574090.2,-66,3.5,arenas
PI-01,431079.6,4574090.2,-65,3.5,arenas
PI-01,431079.6,4574090.2,-64,3.5,arenas
PI-02,431750.5,4573811.5,-79,3.5,arenas
PI-02,431750.5,4573811.5,-78,3.5,arenas
PI-02,431750.5,4573811.5,-77,3.5,arenas
PI-02,431750.5,4573811.5,-76,3.5,arenas
PI-02,431750.5,4573811.5,-75,3.5,arenas
PI-03,433069.3,4573263.8,-83,3.5,arenas
PI-03,433069.3,4573263.8,-82,3.5,arenas
PI-03,433069.3,4573263.8,-81,3.5,arenas
PI-03,433069.3,4573263.8,-80,3.5,arenas
PI-04,434293.5,4572755.4,-86,3.5,arenas
PJ-01,430620.1,4576160.3,-56,3.5,arenas
PJ-01,430620.1,4576160.3,-55,3.5,arenas
PJ-01,430620.1,4576160.3,-54,3.5,arenas
PJ-01,430620.1,4576160.3,-53,3.5,arenas
PJ-02,431787.3,4575835.4,-65,3.5,arenas
PJ-02,431787.3,4575835.4,-64,3.5,arenas
PJ-02,431787.3,4575835.4,-63,3.5,arenas
PJ-02,431787.3,4575835.4,-62,3.5,arenas
PJ-03,432996.9,4575498.7,-69,3.5,arenas
PJ-03,432996.9,4575498.7,-68,3.5,arenas
PJ-03,432996.9,4575498.7,-67,3.5,arenas
PJ-04,435814.4,4574714.5,-82,3.5,arenas
PJ-04,435814.4,4574714.5,-81,3.5,arenas
PJ-04,435814.4,4574714.5,-80,3.5,arenas
PK-01,431667.3,4578029.1,-55,3.5,arenas
PK-01,431667.3,4578029.1,-54,3.5,arenas
PK-01,431667.3,4578029.1,-53,3.5,arenas
PK-01,431667.3,4578029.1,-52,3.5,arenas
PK-01,431667.3,4578029.1,-51,3.5,arenas
PK-02,432849.2,4577857.5,-57,3.5,arenas
PK-02,432849.2,4577857.5,-56,3.5,arenas
PK-02,432849.2,4577857.5,-55,3.5,arenas
PK-03,434312.6,4577645.0,-63,3.5,arenas
PK-03,434312.6,4577645.0,-62,3.5,arenas
PK-04,435651.1,4577450.7,-68,3.5,arenas
PK-04,435651.1,4577450.7,-67,3.5,arenas
PK-05,436082.6,4577388.0,-70,3.5,arenas
